order_id,customer_id,order_date,latitude,longitude,area,order_value,orders_count,delivery_distance_km
ORD0001,CUST0329,2026-08-16,19.158974,77.308894,Workshop Corner,1599,1,6.6
ORD0002,CUST0190,2026-09-04,19.168657,77.321827,Anand Nagar,499,1,6.1
ORD0003,CUST0339,2026-08-14,19.167634,77.316139,Workshop Corner,499,1,1.4
ORD0004,CUST0530,2026-09-04,19.150353,77.305799,Workshop Corner,499,1,5.3
ORD0005,CUST0264,2026-08-01,19.184904,77.295041,Anand Nagar,799,5,3.2
ORD0006,CUST0445,2026-08-14,19.161532,77.297809,Workshop Corner,499,3,3.2
ORD0007,CUST0719,2026-08-23,19.171104,77.301052,Anand Nagar,1299,4,1.9
ORD0008,CUST0228,2026-09-04,19.160705,77.300977,Taroda Naka,1299,1,6.5
ORD0009,CUST0744,2026-08-19,19.103834,77.289664,Vishnupuri,1299,4,1.8
ORD0010,CUST0147,2026-08-05,19.150198,77.31758,Workshop Corner,499,3,5.4
ORD0011,CUST0204,2026-08-15,19.150186,77.324818,Workshop Corner,499,3,8.4
ORD0012,CUST0267,2026-08-24,19.161664,77.294945,Taroda Naka,2499,4,5.8
ORD0013,CUST0724,2026-08-05,19.175225,77.282792,Taroda Naka,799,2,6.1
ORD0014,CUST0574,2026-08-11,19.177227,77.319549,Workshop Corner,499,5,6.5
ORD0015,CUST0433,2026-08-15,19.174385,77.296714,Taroda Naka,499,6,6.2
ORD0016,CUST0424,2026-08-03,,77.302584,CIDCO Nanded,799,1,2.9
ORD0017,CUST0423,2026-09-06,19.162394,77.305571,Taroda Naka,799,1,2.7
ORD0018,CUST0247,2026-08-30,19.168433,77.319613,Anand Nagar,1599,4,4.1
ORD0019,CUST0370,2026-09-04,19.160231,77.301117,Taroda Naka,499,2,6.6
ORD0020,CUST0471,2026-08-26,19.144403,77.329765,CIDCO Nanded,1599,4,7.8
ORD0021,CUST0149,2026-08-06,19.171929,77.314289,Anand Nagar,2499,2,4.9
ORD0022,CUST0711,2026-08-28,19.131427,77.311897,Old Nanded,499,2,5.8
ORD0023,CUST0642,2026-08-30,19.168724,77.303646,Anand Nagar,1599,4,5.5
ORD0024,CUST0218,2026-08-01,19.175348,77.297966,Taroda Naka,1299,5,7.5
ORD0025,CUST0215,2026-08-22,19.157893,77.304839,Workshop Corner,1599,5,6.7
ORD0026,CUST0613,2026-08-17,19.181954,,Taroda Naka,1299,2,4.5
ORD0027,CUST0620,2026-08-20,19.109183,77.329041,CIDCO Nanded,499,5,7.9
ORD0028,CUST0653,2026-08-11,19.14365,77.31834,Workshop Corner,1299,2,3.9
ORD0029,CUST0432,2026-09-08,19.108705,77.293357,Vishnupuri,799,5,7.9
ORD0030,CUST0346,2026-08-20,19.159107,77.302437,Taroda Naka,499,1,8.0
ORD0031,CUST0598,2026-08-06,19.172298,77.311979,Anand Nagar,2499,5,8.1
ORD0032,CUST0587,2026-08-09,19.143516,77.33274,CIDCO Nanded,2499,5,6.8
ORD0033,CUST0534,2026-09-08,19.140232,77.306619,Old Nanded,2499,2,3.1
ORD0034,CUST0420,2026-08-13,19.132578,77.290633,Vishnupuri,2499,5,6.7
ORD0035,CUST0630,2026-08-29,19.159979,77.291723,Taroda Naka,799,6,5.9
ORD0036,CUST0122,2026-08-22,999.0,77.29208,Taroda Naka,2499,2,2.8
ORD0037,CUST0173,2026-08-01,19.155041,77.308123,Workshop Corner,799,2,5.5
ORD0038,CUST0439,2026-08-03,19.133649,77.316819,CIDCO Nanded,799,1,2.9
ORD0039,CUST0320,2026-09-01,19.180065,77.322849,Anand Nagar,1299,2,3.2
ORD0040,CUST0691,2026-09-06,19.147456,77.321232,Workshop Corner,3999,6,8.0
ORD0041,CUST0197,2026-08-13,19.147812,77.294735,Taroda Naka,799,4,7.1
ORD0042,CUST0579,2026-08-27,19.183228,77.312809,Anand Nagar,1299,4,3.8
ORD0043,CUST0163,2026-08-07,19.143269,77.304714,Old Nanded,499,1,6.1
ORD0044,CUST0355,2026-08-07,19.170398,77.294926,Taroda Naka,799,3,7.0
ORD0045,CUST0288,2026-08-28,19.195714,77.327023,Anand Nagar,799,5,4.5
ORD0046,CUST0554,2026-08-05,19.158982,77.30884,Taroda Naka,1299,2,7.6
ORD0047,CUST0116,2026-09-04,19.144455,77.344095,CIDCO Nanded,499,5,1.9
ORD0048,CUST0593,2026-09-01,19.104599,77.301847,Vishnupuri,499,2,2.4
ORD0049,CUST0489,2026-08-11,19.183196,77.311958,Anand Nagar,1299,4,7.8
ORD0050,CUST0393,2026-08-30,19.18211,77.313614,Anand Nagar,799,4,3.1
ORD0051,CUST0599,2026-09-05,19.156377,77.299736,Taroda Naka,1299,6,8.5
ORD0052,CUST0694,2026-08-04,19.189447,77.316069,Anand Nagar,499,3,2.8
ORD0053,CUST0152,2026-08-04,19.129384,77.316457,CIDCO Nanded,2499,1,6.7
ORD0054,CUST0262,2026-09-03,19.152146,77.314449,Workshop Corner,1299,5,7.9
ORD0055,CUST0171,2026-08-12,19.18473,77.333686,Anand Nagar,1299,5,1.8
ORD0056,CUST0223,2026-08-26,19.152404,77.308353,Workshop Corner,2499,6,7.5
ORD0057,CUST0141,2026-09-08,19.147339,77.309036,Old Nanded,799,5,3.0
ORD0058,CUST0636,2026-09-06,19.165395,77.303063,Workshop Corner,2499,4,6.0
ORD0059,CUST0345,2026-08-21,19.169505,77.298464,Taroda Naka,1299,3,2.7
ORD0060,CUST0569,2026-08-20,19.169263,77.303474,Taroda Naka,499,2,6.1
ORD0061,CUST0203,2026-09-06,19.169931,77.287856,Taroda Naka,499,1,1.3
ORD0062,CUST0458,2026-08-09,19.184098,77.303398,Anand Nagar,1299,2,4.9
ORD0063,CUST0549,2026-08-11,19.134278,77.307909,Old Nanded,1599,2,3.9
ORD0064,CUST0109,2026-09-03,19.129737,77.307565,CIDCO Nanded,1599,6,3.4
ORD0065,CUST0238,2026-08-07,19.162707,77.313302,Workshop Corner,1299,5,3.4
ORD0066,CUST0379,2026-08-10,19.158324,77.296459,Taroda Naka,799,1,6.6
ORD0067,CUST0750,2026-08-14,19.158105,77.286842,Taroda Naka,3999,2,6.4
ORD0068,CUST0195,2026-08-04,19.152908,77.299844,Old Nanded,1299,5,4.8
ORD0069,CUST0234,2026-08-22,19.155104,77.321628,Workshop Corner,1299,3,1.5
ORD0070,CUST0665,2026-08-29,19.143749,77.309724,Workshop Corner,1599,3,2.4
ORD0071,CUST0253,2026-08-05,19.12622,77.325307,CIDCO Nanded,2499,5,1.3
ORD0072,CUST0541,2026-08-10,19.154007,77.315923,Workshop Corner,3999,3,5.5
ORD0073,CUST0467,2026-08-03,19.171838,77.299822,Anand Nagar,2499,3,3.9
ORD0074,CUST0674,2026-08-23,19.170887,77.311844,Anand Nagar,1299,2,6.1
ORD0075,CUST0343,2026-08-10,19.146559,77.305468,Old Nanded,1299,4,8.3
ORD0076,CUST0284,2026-08-02,19.147079,77.29472,Old Nanded,4999,2,7.6
ORD0077,CUST0355,2026-08-27,19.13864,77.307427,CIDCO Nanded,2499,3,6.9
ORD0078,CUST0582,2026-08-03,19.175724,77.305662,Taroda Naka,1599,6,2.0
ORD0079,CUST0329,2026-08-15,19.165468,77.306746,Anand Nagar,1599,4,3.8
ORD0080,CUST0172,2026-08-18,19.185653,77.321086,Anand Nagar,2499,2,4.1
ORD0081,CUST0510,2026-09-02,19.119726,77.345791,Vishnupuri,1599,3,3.8
ORD0082,CUST0219,2026-08-02,19.165647,77.317906,Workshop Corner,1599,5,3.6
ORD0083,CUST0140,2026-08-17,19.142163,77.308831,Old Nanded,799,3,2.5
ORD0084,CUST0547,2026-08-21,19.18398,77.307729,Anand Nagar,499,4,3.7
ORD0085,CUST0295,2026-09-06,19.173517,77.295062,Workshop Corner,799,5,2.0
ORD0086,CUST0652,2026-09-03,19.162855,77.295802,Taroda Naka,499,6,4.4
ORD0087,CUST0473,2026-08-13,19.151225,77.318712,Workshop Corner,499,6,6.6
ORD0088,CUST0228,2026-08-21,19.182604,77.296286,Taroda Naka,799,6,7.9
ORD0089,CUST0435,2026-08-27,19.129966,77.322381,CIDCO Nanded,499,3,4.9
ORD0090,CUST0531,2026-08-13,19.19089,77.313434,Taroda Naka,1299,3,5.2
ORD0091,CUST0731,2026-08-12,19.138799,77.311492,Workshop Corner,1599,4,6.1
ORD0092,CUST0412,2026-08-01,19.151444,77.296647,Workshop Corner,499,4,5.2
ORD0093,CUST0430,2026-09-08,19.17205,77.303658,Taroda Naka,799,4,6.9
ORD0094,CUST0585,2026-09-02,19.163658,77.291822,Taroda Naka,799,4,6.1
ORD0095,CUST0391,2026-08-06,19.15742,77.324455,CIDCO Nanded,1299,6,2.4
ORD0096,CUST0341,2026-08-06,19.158018,77.323211,Workshop Corner,1299,6,5.7
ORD0097,CUST0126,2026-08-10,19.142845,77.306126,Workshop Corner,799,2,7.1
ORD0098,CUST0567,2026-08-05,19.179151,77.340464,Anand Nagar,499,4,5.7
ORD0099,CUST0607,2026-08-25,19.134587,77.284756,Taroda Naka,499,6,5.4
ORD0100,CUST0210,2026-08-01,19.14705,77.281998,Taroda Naka,1299,2,6.0
ORD0101,CUST0576,2026-09-03,19.13316,77.321438,CIDCO Nanded,799,2,2.5
ORD0102,CUST0568,2026-08-08,19.182702,77.346176,Anand Nagar,2499,2,7.9
ORD0103,CUST0710,2026-09-05,19.170222,77.323545,Anand Nagar,499,4,6.1
ORD0104,CUST0537,2026-09-02,19.164975,77.295609,Taroda Naka,1299,4,5.7
ORD0105,CUST0587,2026-08-11,19.139249,77.327283,CIDCO Nanded,799,5,4.5
ORD0106,CUST0634,2026-08-18,19.160849,77.316113,Taroda Naka,1299,2,7.3
ORD0107,CUST0393,2026-08-05,19.165482,77.300883,Taroda Naka,3999,2,3.2
ORD0108,CUST0183,2026-09-04,19.176163,77.320491,Anand Nagar,799,3,3.5
ORD0109,CUST0320,2026-08-10,19.174928,77.328195,Anand Nagar,499,2,4.0
ORD0110,CUST0526,2026-08-30,19.193424,77.335431,Anand Nagar,2499,4,3.6
ORD0111,CUST0121,2026-09-07,19.191754,77.325556,Anand Nagar,799,4,4.0
ORD0112,CUST0461,2026-08-01,19.149966,77.295609,Old Nanded,1599,5,4.0
ORD0113,CUST0652,2026-08-27,19.166791,77.296173,Taroda Naka,799,4,7.4
ORD0114,CUST0600,2026-08-15,19.130639,77.332781,CIDCO Nanded,2499,5,7.0
ORD0115,CUST0445,2026-08-25,19.179388,77.331185,Anand Nagar,1599,4,4.7
ORD0116,CUST0231,2026-08-30,19.151737,77.312093,Workshop Corner,2499,4,6.5
ORD0117,CUST0707,2026-08-26,19.131582,77.288315,Vishnupuri,799,5,1.4
ORD0118,CUST0239,2026-08-28,19.153086,77.316832,Workshop Corner,499,1,1.8
ORD0119,CUST0436,2026-08-25,19.147917,77.300829,Old Nanded,3999,2,1.6
ORD0120,CUST0385,2026-08-25,19.204948,77.330783,Anand Nagar,799,3,3.7
ORD0121,CUST0582,2026-08-06,19.126934,77.306644,CIDCO Nanded,1299,4,3.0
ORD0122,CUST0330,2026-08-23,19.191248,77.326005,Anand Nagar,1599,5,1.6
ORD0123,CUST0354,2026-08-02,19.154902,77.302822,Workshop Corner,499,6,1.5
ORD0124,CUST0230,2026-08-16,19.15692,77.339245,Anand Nagar,2499,1,5.7
ORD0125,CUST0577,2026-08-14,19.158745,77.291786,Taroda Naka,499,1,5.3
ORD0126,CUST0218,2026-09-08,19.159911,77.320863,Workshop Corner,499,3,2.4
ORD0127,CUST0693,2026-08-07,19.140695,77.314424,CIDCO Nanded,499,2,8.2
ORD0128,CUST0507,2026-08-25,19.188709,77.32847,Anand Nagar,499,3,5.4
ORD0129,CUST0205,2026-08-16,19.131967,77.289333,Old Nanded,1599,2,1.8
ORD0130,CUST0224,2026-09-08,19.149686,77.320881,Workshop Corner,499,3,7.4
ORD0131,CUST0646,2026-08-23,19.14142,77.336229,CIDCO Nanded,799,5,6.9
ORD0132,CUST0113,2026-08-22,19.163977,77.294954,Taroda Naka,1299,3,1.7
ORD0133,CUST0571,2026-08-24,19.14155,77.3109,CIDCO Nanded,1599,4,2.0
ORD0134,CUST0377,2026-09-03,19.14342,77.320978,CIDCO Nanded,799,4,2.5
ORD0135,CUST0547,2026-08-30,19.160521,77.30679,Workshop Corner,799,5,6.9
ORD0136,CUST0189,2026-08-16,19.138766,77.330819,CIDCO Nanded,4999,5,3.2
ORD0137,CUST0684,2026-08-30,19.167977,77.28727,Taroda Naka,3999,4,3.0
ORD0138,CUST0433,2026-09-01,19.173206,77.31325,Workshop Corner,1299,4,3.7
ORD0139,CUST0449,2026-08-17,19.207838,77.308792,Anand Nagar,1299,2,3.8
ORD0140,CUST0670,2026-08-18,19.165891,77.304763,Taroda Naka,1299,5,6.3
ORD0141,CUST0601,2026-08-27,19.171923,77.310807,Anand Nagar,1299,2,1.8
ORD0142,CUST0559,2026-09-01,19.163261,77.295519,Workshop Corner,499,2,6.2
ORD0143,CUST0350,2026-08-26,19.141759,77.340638,CIDCO Nanded,799,1,3.3
ORD0144,CUST0644,2026-09-05,19.172713,77.304705,Taroda Naka,499,5,3.9
ORD0145,CUST0565,2026-08-23,19.153798,77.313315,Taroda Naka,2499,6,5.2
ORD0146,CUST0424,2026-08-13,19.166264,77.292178,Taroda Naka,1599,3,2.9
ORD0147,CUST0297,2026-08-12,19.161442,77.334246,Anand Nagar,3999,5,8.1
ORD0148,CUST0638,2026-09-07,19.185308,77.321345,Anand Nagar,1299,4,3.2
ORD0149,CUST0333,2026-08-19,19.142245,77.305205,Workshop Corner,499,1,7.3
ORD0150,CUST0230,2026-09-04,19.169594,77.298023,Taroda Naka,4999,3,1.3
ORD0151,CUST0603,2026-08-09,19.167052,77.29547,Taroda Naka,1599,1,5.2
ORD0152,CUST0591,2026-08-31,19.178244,77.298811,Anand Nagar,499,1,5.4
ORD0153,CUST0590,2026-08-17,19.168203,77.300144,Taroda Naka,799,2,8.2
ORD0154,CUST0691,2026-08-05,19.194725,77.336496,Anand Nagar,799,1,4.1
ORD0155,CUST0412,2026-09-06,19.157659,77.304012,Workshop Corner,1299,1,2.3
ORD0156,CUST0721,2026-08-27,19.183378,77.336615,Anand Nagar,2499,2,2.1
ORD0157,CUST0490,2026-09-03,19.171486,77.324043,Workshop Corner,2499,5,2.8
ORD0158,CUST0540,2026-09-07,19.156796,77.292309,Taroda Naka,499,4,3.4
ORD0159,CUST0313,2026-08-07,19.173454,77.308686,Taroda Naka,1599,5,1.6
ORD0160,CUST0346,2026-08-11,19.151531,77.307262,Workshop Corner,499,3,6.0
ORD0161,CUST0562,2026-08-27,19.194701,77.296895,Anand Nagar,799,1,2.3
ORD0162,CUST0396,2026-08-15,19.162089,77.308903,Workshop Corner,799,4,3.3
ORD0163,CUST0340,2026-08-05,19.154526,77.320815,CIDCO Nanded,799,6,7.5
ORD0164,CUST0536,2026-08-13,19.153834,77.304976,Old Nanded,2499,6,5.5
ORD0165,CUST0246,2026-08-18,19.161559,77.317333,Anand Nagar,1299,2,5.9
ORD0166,CUST0683,2026-09-08,19.181926,77.322837,Anand Nagar,799,2,7.0
ORD0167,CUST0513,2026-08-20,19.13326,77.308027,Old Nanded,499,4,2.1
ORD0168,CUST0183,2026-08-29,19.135089,77.306389,Old Nanded,799,5,5.1
ORD0169,CUST0357,2026-09-08,19.154499,77.317641,Workshop Corner,1299,4,6.6
ORD0170,CUST0702,2026-09-06,19.17664,77.312292,Anand Nagar,499,2,8.2
ORD0171,CUST0142,2026-09-06,19.104046,77.276107,Vishnupuri,499,6,7.2
ORD0172,CUST0385,2026-08-29,19.122225,77.317893,CIDCO Nanded,799,2,4.6
ORD0173,CUST0194,2026-09-01,19.205577,77.318423,Anand Nagar,499,5,4.4
ORD0174,CUST0265,2026-08-07,19.172146,77.307046,Taroda Naka,499,4,3.6
ORD0175,CUST0664,2026-08-26,19.165877,77.29279,Taroda Naka,1599,6,4.8
ORD0176,CUST0219,2026-08-21,19.173163,77.324954,Anand Nagar,799,1,3.5
ORD0177,CUST0656,2026-08-01,19.107874,77.253471,Vishnupuri,1299,4,7.5
ORD0178,CUST0738,2026-08-24,19.160735,77.273079,Taroda Naka,1599,1,2.6
ORD0179,CUST0309,2026-08-04,19.144342,77.323424,CIDCO Nanded,1299,6,4.4
ORD0180,CUST0597,2026-08-29,19.157277,77.295795,Taroda Naka,799,2,8.0
ORD0181,CUST0263,2026-08-16,19.162723,77.320442,Anand Nagar,799,6,5.6
ORD0182,CUST0331,2026-08-06,19.165131,77.294522,Taroda Naka,799,1,5.2
ORD0183,CUST0258,2026-08-08,19.102301,77.271777,Vishnupuri,499,1,4.6
ORD0184,CUST0526,2026-08-18,19.169182,77.304106,Taroda Naka,1299,6,3.3
ORD0185,CUST0249,2026-09-05,19.137912,77.336279,CIDCO Nanded,499,4,3.0
ORD0186,CUST0172,2026-08-09,19.190743,77.305145,Taroda Naka,1599,5,4.9
ORD0187,CUST0374,2026-09-02,19.156628,77.293097,Taroda Naka,799,4,3.7
ORD0188,CUST0694,2026-09-07,19.153353,77.305594,CIDCO Nanded,1299,3,6.5
ORD0189,CUST0652,2026-08-29,19.091021,77.296445,Vishnupuri,499,4,7.5
ORD0190,CUST0487,2026-09-04,19.162419,77.28874,Taroda Naka,499,3,5.2
ORD0191,CUST0686,2026-08-16,19.161076,77.28636,Taroda Naka,499,3,7.5
ORD0192,CUST0491,2026-08-31,19.141972,77.301846,Taroda Naka,4999,4,1.5
ORD0193,CUST0608,2026-08-10,19.164611,77.285924,Taroda Naka,3999,6,7.0
ORD0194,CUST0440,2026-09-07,19.11556,77.292104,Vishnupuri,799,2,4.9
ORD0195,CUST0116,2026-08-30,19.149508,77.293202,Old Nanded,2499,4,1.9
ORD0196,CUST0177,2026-08-10,19.160477,77.337816,CIDCO Nanded,799,4,7.6
ORD0197,CUST0183,2026-08-26,19.160374,77.300706,Taroda Naka,799,3,3.7
ORD0198,CUST0425,2026-08-25,19.147518,77.277331,Old Nanded,799,6,7.5
ORD0199,CUST0733,2026-08-03,19.157078,77.302765,Workshop Corner,799,4,7.6
ORD0200,CUST0333,2026-08-19,19.16833,77.321213,Anand Nagar,1299,6,6.2
ORD0201,CUST0555,2026-08-07,19.13083,77.320521,CIDCO Nanded,799,4,8.3
ORD0202,CUST0433,2026-08-03,19.174776,77.327123,Anand Nagar,1299,3,7.8
ORD0203,CUST0250,2026-08-28,19.143828,77.335857,CIDCO Nanded,1299,3,3.8
ORD0204,CUST0275,2026-08-12,19.160757,77.305608,Anand Nagar,2499,4,5.3
ORD0205,CUST0610,2026-08-16,19.186454,77.310752,Anand Nagar,2499,5,7.6
ORD0206,CUST0571,2026-08-17,19.149392,77.316221,Old Nanded,1599,2,2.9
ORD0207,CUST0395,2026-08-30,19.170376,77.290881,Taroda Naka,799,1,7.8
ORD0208,CUST0702,2026-08-23,19.152452,77.307448,Workshop Corner,1599,2,1.7
ORD0209,CUST0410,2026-08-30,19.169898,77.315754,Taroda Naka,799,4,6.2
ORD0210,CUST0343,2026-08-07,19.178758,77.329371,Anand Nagar,1599,4,7.4
ORD0211,CUST0123,2026-08-19,19.146619,77.284919,Taroda Naka,1299,3,5.4
ORD0212,CUST0680,2026-08-01,19.127774,77.275347,Vishnupuri,1299,6,4.1
ORD0213,CUST0609,2026-09-08,19.147942,77.300028,Old Nanded,799,6,8.3
ORD0214,CUST0722,2026-08-15,19.147817,77.321052,CIDCO Nanded,1299,3,6.9
ORD0215,CUST0241,2026-08-17,19.121736,77.332581,CIDCO Nanded,499,2,5.8
ORD0216,CUST0552,2026-08-20,19.159075,77.319979,Workshop Corner,1299,6,5.9
ORD0217,CUST0403,2026-08-06,19.184182,77.320979,Anand Nagar,499,3,6.5
ORD0218,CUST0653,2026-08-09,19.156086,77.28683,Taroda Naka,1599,4,2.5
ORD0219,CUST0269,2026-08-18,19.145644,77.297701,Old Nanded,1599,3,5.1
ORD0220,CUST0447,2026-08-19,19.163525,77.303291,Taroda Naka,1599,4,8.3
ORD0221,CUST0332,2026-08-10,19.135031,77.309234,CIDCO Nanded,1599,4,8.2
ORD0222,CUST0671,2026-08-26,19.141153,77.297026,Old Nanded,1599,6,6.1
ORD0223,CUST0227,2026-09-04,19.175696,77.308556,Taroda Naka,1299,4,1.3
ORD0224,CUST0699,2026-08-17,19.150678,77.29781,Taroda Naka,799,6,6.7
ORD0225,CUST0340,2026-08-07,19.149213,77.30996,Taroda Naka,1299,6,8.1
ORD0226,CUST0436,2026-09-05,19.168805,77.321436,Taroda Naka,1299,5,7.7
ORD0227,CUST0410,2026-08-30,19.145985,77.308532,Old Nanded,1299,2,5.9
ORD0228,CUST0412,2026-08-03,19.156735,77.313537,Workshop Corner,499,1,2.2
ORD0229,CUST0239,2026-09-04,19.14023,77.308181,Vishnupuri,799,1,1.9
ORD0230,CUST0530,2026-09-04,19.168839,77.296001,Taroda Naka,2499,3,6.1
ORD0231,CUST0202,2026-08-27,19.147083,77.308994,Workshop Corner,4999,6,2.3
ORD0232,CUST0134,2026-08-18,19.165926,77.325763,CIDCO Nanded,799,5,4.2
ORD0233,CUST0472,2026-08-16,19.153736,77.306585,Workshop Corner,1599,2,4.4
ORD0234,CUST0163,2026-08-23,19.192227,77.290151,Anand Nagar,2499,6,3.9
ORD0235,CUST0194,2026-08-30,19.1541,77.282049,Taroda Naka,1599,2,8.3
ORD0236,CUST0152,2026-08-02,19.142978,77.307914,Workshop Corner,1299,6,5.9
ORD0237,CUST0311,2026-09-06,19.135297,77.317,CIDCO Nanded,1299,2,8.4
ORD0238,CUST0339,2026-08-14,19.191653,77.316113,Anand Nagar,799,5,2.7
ORD0239,CUST0103,2026-09-08,19.18549,77.306266,Taroda Naka,499,2,7.0
ORD0240,CUST0357,2026-09-04,19.156828,77.300167,Taroda Naka,3999,2,8.4
ORD0241,CUST0235,2026-08-02,19.135042,77.307828,CIDCO Nanded,499,1,6.0
ORD0242,CUST0279,2026-08-02,19.182008,77.319899,Anand Nagar,1299,2,5.5
ORD0243,CUST0217,2026-09-03,19.167139,77.294759,Taroda Naka,799,2,6.6
ORD0244,CUST0626,2026-08-24,19.136737,77.321705,CIDCO Nanded,499,4,4.5
ORD0245,CUST0634,2026-08-03,19.154738,77.305653,Workshop Corner,1299,4,4.9
ORD0246,CUST0591,2026-08-04,19.180886,77.268406,Taroda Naka,799,6,8.2
ORD0247,CUST0555,2026-09-01,19.151707,77.297193,CIDCO Nanded,499,4,6.2
ORD0248,CUST0168,2026-08-10,19.185478,77.314942,Anand Nagar,2499,1,3.6
ORD0249,CUST0433,2026-09-05,19.16511,77.308666,Anand Nagar,1299,5,5.8
ORD0250,CUST0618,2026-08-30,19.163381,77.294304,Taroda Naka,499,5,5.1
ORD0251,CUST0665,2026-08-08,19.162485,77.320172,Workshop Corner,499,1,7.0
ORD0252,CUST0524,2026-08-15,19.130251,77.311989,CIDCO Nanded,1299,2,4.3
ORD0253,CUST0421,2026-08-07,19.161755,77.299894,Taroda Naka,1299,4,4.1
ORD0254,CUST0586,2026-08-10,19.163493,77.292708,Taroda Naka,799,6,3.1
ORD0255,CUST0482,2026-08-07,19.190532,77.323331,Anand Nagar,1599,1,1.9
ORD0256,CUST0676,2026-09-05,19.15611,77.308922,CIDCO Nanded,799,5,1.6
ORD0257,CUST0153,2026-08-28,19.172931,77.291905,Taroda Naka,499,1,4.2
ORD0258,CUST0692,2026-08-07,19.086953,77.31447,Vishnupuri,2499,5,3.5
ORD0259,CUST0211,2026-08-15,19.150818,77.318392,Workshop Corner,799,2,6.0
ORD0260,CUST0688,2026-08-18,19.180158,77.277469,Taroda Naka,799,5,3.9
ORD0261,CUST0127,2026-09-05,19.166635,77.339058,Anand Nagar,1299,4,7.4
ORD0262,CUST0130,2026-08-18,19.140972,77.305641,Workshop Corner,2499,6,7.3
ORD0263,CUST0460,2026-08-22,19.175461,77.32279,Anand Nagar,2499,6,6.8
ORD0264,CUST0172,2026-08-26,19.193662,77.317629,Anand Nagar,1599,2,5.3
ORD0265,CUST0644,2026-08-06,19.177637,77.317317,Anand Nagar,799,6,8.3
ORD0266,CUST0479,2026-08-11,19.207863,77.326067,Anand Nagar,799,4,4.5
ORD0267,CUST0711,2026-09-06,19.168709,77.29316,Taroda Naka,4999,3,6.9
ORD0268,CUST0184,2026-08-04,19.166539,77.31921,Anand Nagar,799,1,2.3
ORD0269,CUST0553,2026-09-08,19.168958,77.285216,Taroda Naka,799,6,4.3
ORD0270,CUST0454,2026-08-08,19.187056,77.302176,Taroda Naka,1599,2,6.7
ORD0271,CUST0599,2026-09-07,19.16956,77.304827,Taroda Naka,1299,3,6.2
ORD0272,CUST0714,2026-08-26,19.14697,77.314082,Workshop Corner,2499,3,1.5
ORD0273,CUST0241,2026-08-14,19.15991,77.302645,Anand Nagar,1299,2,3.4
ORD0274,CUST0610,2026-08-01,19.134172,77.322184,CIDCO Nanded,1299,3,3.6
ORD0275,CUST0336,2026-09-04,19.131273,77.304527,CIDCO Nanded,799,2,2.1
ORD0276,CUST0507,2026-08-05,19.16573,77.30293,Workshop Corner,799,6,7.1
ORD0277,CUST0180,2026-08-30,19.136455,77.325691,Old Nanded,1299,1,4.4
ORD0278,CUST0528,2026-08-26,19.145858,77.303611,Old Nanded,799,5,4.3
ORD0279,CUST0276,2026-08-21,19.161244,77.29622,Taroda Naka,1299,4,1.4
ORD0280,CUST0191,2026-08-24,19.119415,77.330858,CIDCO Nanded,1599,5,4.6
ORD0281,CUST0511,2026-09-07,19.16665,77.312708,Taroda Naka,1299,1,3.0
ORD0282,CUST0327,2026-08-22,19.142536,77.306797,Workshop Corner,1599,4,7.6
ORD0283,CUST0644,2026-08-08,19.173324,77.304726,Taroda Naka,799,2,1.8
ORD0284,CUST0342,2026-08-10,19.140897,77.319153,Workshop Corner,499,3,3.8
ORD0285,CUST0257,2026-09-08,19.181107,77.325448,Anand Nagar,499,3,2.6
ORD0286,CUST0576,2026-09-01,19.14971,77.321316,CIDCO Nanded,1599,6,1.8
ORD0287,CUST0740,2026-09-06,19.144158,77.331889,CIDCO Nanded,1299,5,4.5
ORD0288,CUST0170,2026-08-29,19.162463,77.301329,Taroda Naka,1299,6,3.5
ORD0289,CUST0706,2026-08-18,19.171296,77.297077,Taroda Naka,499,6,3.4
ORD0290,CUST0563,2026-08-30,19.191822,77.319606,Anand Nagar,499,5,1.7
ORD0291,CUST0193,2026-08-05,19.169027,77.330638,Anand Nagar,2499,3,7.3
ORD0292,CUST0668,2026-09-07,19.164033,77.309357,Workshop Corner,1599,5,4.0
ORD0293,CUST0686,2026-08-29,19.126074,77.280259,Vishnupuri,499,6,7.7
ORD0294,CUST0255,2026-09-02,19.143759,77.314008,Workshop Corner,499,3,5.6
ORD0295,CUST0187,2026-08-22,19.115332,77.280819,Vishnupuri,799,4,2.0
ORD0296,CUST0550,2026-08-29,19.152912,77.31108,Workshop Corner,799,2,1.5
ORD0297,CUST0390,2026-08-24,19.166576,77.311572,Workshop Corner,799,5,2.4
ORD0298,CUST0747,2026-08-04,19.175678,77.29783,Taroda Naka,1299,3,6.2
ORD0299,CUST0496,2026-09-05,19.155658,77.318524,Workshop Corner,2499,1,3.6
ORD0300,CUST0254,2026-09-08,19.179232,77.288166,Taroda Naka,799,6,7.4
ORD0301,CUST0418,2026-08-23,19.189989,77.291372,Taroda Naka,2499,5,6.0
ORD0302,CUST0710,2026-08-09,19.086773,77.261621,Vishnupuri,1599,6,6.0
ORD0303,CUST0437,2026-08-25,19.133378,77.3169,CIDCO Nanded,799,1,3.5
ORD0304,CUST0196,2026-09-03,19.126933,77.30844,CIDCO Nanded,799,6,6.3
ORD0305,CUST0472,2026-08-02,19.154723,77.311874,Workshop Corner,799,4,4.9
ORD0306,CUST0297,2026-09-01,19.156294,77.301826,Taroda Naka,2499,2,3.7
ORD0307,CUST0204,2026-08-19,19.193812,77.315432,Anand Nagar,2499,2,2.3
ORD0308,CUST0139,2026-09-03,19.173478,77.304689,Workshop Corner,499,5,7.3
ORD0309,CUST0258,2026-08-25,19.156332,77.31394,Workshop Corner,1299,5,2.2
ORD0310,CUST0549,2026-08-11,19.16316,77.318888,Anand Nagar,499,6,6.8
ORD0311,CUST0555,2026-08-16,19.174522,77.311334,Anand Nagar,1599,3,6.1
ORD0312,CUST0647,2026-08-15,19.151032,77.308655,Workshop Corner,3999,6,6.9
ORD0313,CUST0477,2026-08-13,19.199046,77.311151,Anand Nagar,1299,4,7.8
ORD0314,CUST0389,2026-08-30,19.157749,77.306988,Workshop Corner,799,5,8.4
ORD0315,CUST0305,2026-08-11,19.140232,77.303327,CIDCO Nanded,1299,5,5.1
ORD0316,CUST0593,2026-08-04,19.128759,77.321812,CIDCO Nanded,2499,2,7.6
ORD0317,CUST0228,2026-09-03,19.139485,77.298511,Old Nanded,2499,5,8.0
ORD0318,CUST0251,2026-09-02,19.172435,77.305836,Taroda Naka,1299,2,3.2
ORD0319,CUST0562,2026-08-15,19.136054,77.311219,CIDCO Nanded,799,1,8.1
ORD0320,CUST0615,2026-08-26,19.152957,77.293444,Old Nanded,1299,1,4.2
ORD0321,CUST0330,2026-08-24,19.161824,77.297238,Taroda Naka,2499,4,8.5
ORD0322,CUST0250,2026-08-22,19.14023,77.307557,Anand Nagar,1299,1,7.3
ORD0323,CUST0243,2026-08-31,19.176127,77.33053,Anand Nagar,1299,3,7.9
ORD0324,CUST0182,2026-08-01,19.119967,77.325088,CIDCO Nanded,2499,4,4.5
ORD0325,CUST0724,2026-09-05,19.189088,77.331304,Anand Nagar,2499,2,7.3
ORD0326,CUST0409,2026-08-16,19.158245,77.31572,Workshop Corner,1599,1,6.9
ORD0327,CUST0165,2026-08-30,19.1948,77.332032,Anand Nagar,1299,2,4.3
ORD0328,CUST0748,2026-08-02,19.17421,77.323767,Anand Nagar,2499,4,5.6
ORD0329,CUST0540,2026-08-19,19.153663,77.311174,Workshop Corner,799,2,6.4
ORD0330,CUST0292,2026-08-27,19.173726,77.323939,Anand Nagar,1599,3,3.0
ORD0331,CUST0170,2026-08-24,19.15523,77.320228,Workshop Corner,499,1,5.0
ORD0332,CUST0668,2026-09-02,19.124266,77.265659,Vishnupuri,4999,5,4.9
ORD0333,CUST0483,2026-08-25,19.165682,77.326955,Anand Nagar,1299,4,1.5
ORD0334,CUST0454,2026-08-05,19.181951,77.297136,Taroda Naka,499,1,3.8
ORD0335,CUST0441,2026-09-07,19.184993,77.336929,Anand Nagar,3999,6,5.8
ORD0336,CUST0576,2026-08-12,19.196508,77.300702,Anand Nagar,2499,3,5.2
ORD0337,CUST0165,2026-08-09,19.105303,77.290911,Vishnupuri,799,4,5.8
ORD0338,CUST0145,2026-08-13,19.134007,77.321921,CIDCO Nanded,1299,4,1.5
ORD0339,CUST0628,2026-08-20,19.151146,77.303245,CIDCO Nanded,499,1,3.5
ORD0340,CUST0296,2026-08-03,19.170671,77.289742,Taroda Naka,499,5,4.7
ORD0341,CUST0380,2026-08-22,19.182655,77.294342,Taroda Naka,1299,1,7.5
ORD0342,CUST0551,2026-08-26,19.161588,77.313122,Anand Nagar,4999,3,4.4
ORD0343,CUST0609,2026-08-12,19.131968,77.282211,Old Nanded,499,4,3.7
ORD0344,CUST0374,2026-09-03,19.160189,77.317898,Workshop Corner,799,3,7.9
ORD0345,CUST0717,2026-08-28,19.140682,77.313795,CIDCO Nanded,1299,6,4.3
ORD0346,CUST0206,2026-08-21,19.108664,77.270796,Vishnupuri,2499,2,5.2
ORD0347,CUST0718,2026-08-29,19.20416,77.305159,Anand Nagar,799,6,3.4
ORD0348,CUST0558,2026-08-23,19.147877,77.317728,CIDCO Nanded,799,2,6.2
ORD0349,CUST0382,2026-08-28,19.166982,77.335325,Anand Nagar,2499,3,5.7
ORD0350,CUST0473,2026-08-26,19.159044,77.309769,Workshop Corner,499,1,1.7
ORD0351,CUST0247,2026-08-02,19.157742,77.313654,Workshop Corner,1599,6,6.2
ORD0352,CUST0230,2026-08-03,19.143059,77.326683,CIDCO Nanded,1299,6,6.9
ORD0353,CUST0681,2026-08-25,19.184358,77.326508,Anand Nagar,1599,6,3.9
ORD0354,CUST0481,2026-08-24,19.169631,77.317403,Anand Nagar,499,2,6.2
ORD0355,CUST0476,2026-09-03,19.160236,77.313009,Taroda Naka,799,1,5.4
ORD0356,CUST0127,2026-08-08,19.159592,77.294857,Taroda Naka,1299,6,3.2
ORD0357,CUST0221,2026-09-05,19.147247,77.312821,CIDCO Nanded,799,4,5.0
ORD0358,CUST0727,2026-08-14,19.164231,77.294746,Taroda Naka,499,3,6.3
ORD0359,CUST0176,2026-08-09,19.162477,77.270761,Taroda Naka,1299,4,2.7
ORD0360,CUST0428,2026-08-06,19.177235,77.284064,Taroda Naka,2499,6,4.4
ORD0361,CUST0398,2026-09-04,19.147264,77.309618,Workshop Corner,799,6,1.7
ORD0362,CUST0471,2026-08-12,19.166618,77.301797,Old Nanded,1599,2,6.4
ORD0363,CUST0343,2026-08-09,19.153232,77.310215,Workshop Corner,799,1,8.4
ORD0364,CUST0478,2026-09-06,19.12836,77.320414,CIDCO Nanded,799,1,3.8
ORD0365,CUST0168,2026-08-06,19.156984,77.292189,Taroda Naka,1299,5,2.1
ORD0366,CUST0521,2026-09-03,19.176889,77.301233,Taroda Naka,799,6,6.4
ORD0367,CUST0176,2026-08-21,19.153393,77.330171,CIDCO Nanded,499,5,1.7
ORD0368,CUST0665,2026-08-09,19.18512,77.298579,Taroda Naka,2499,6,5.0
ORD0369,CUST0544,2026-08-09,19.162162,77.315081,Workshop Corner,799,2,6.8
ORD0370,CUST0257,2026-09-03,19.155916,77.317601,Workshop Corner,1599,1,7.3
ORD0371,CUST0455,2026-08-15,19.187753,77.288108,Taroda Naka,1299,2,3.6
ORD0372,CUST0357,2026-08-06,19.141674,77.303841,Old Nanded,499,5,7.7
ORD0373,CUST0730,2026-08-20,19.174183,77.312193,Anand Nagar,2499,5,3.2
ORD0374,CUST0695,2026-09-07,19.146747,77.305766,Workshop Corner,1599,5,5.9
ORD0375,CUST0446,2026-09-08,19.181708,77.343707,Anand Nagar,1299,6,5.8
ORD0376,CUST0184,2026-08-02,19.127735,77.328287,CIDCO Nanded,4999,5,1.5
ORD0377,CUST0316,2026-08-17,19.182456,77.31944,Anand Nagar,499,6,6.8
ORD0378,CUST0610,2026-08-02,19.132475,77.322328,CIDCO Nanded,499,4,5.7
ORD0379,CUST0595,2026-08-20,19.142684,77.286983,Old Nanded,2499,5,3.3
ORD0380,CUST0175,2026-08-30,19.193195,77.328478,Anand Nagar,799,6,4.2
ORD0381,CUST0576,2026-08-31,19.145194,77.298285,Workshop Corner,4999,2,4.4
ORD0382,CUST0454,2026-08-21,19.163258,77.342021,Anand Nagar,1599,5,2.2
ORD0383,CUST0676,2026-09-02,19.12818,77.287422,Vishnupuri,2499,2,6.8
ORD0384,CUST0561,2026-08-18,19.162405,77.311127,Anand Nagar,1299,2,4.6
ORD0385,CUST0731,2026-08-25,19.199718,77.334561,Anand Nagar,1599,1,1.6
ORD0386,CUST0421,2026-09-06,19.171016,77.288144,Taroda Naka,2499,2,7.1
ORD0387,CUST0579,2026-09-02,19.175396,77.309941,Anand Nagar,3999,2,4.8
ORD0388,CUST0503,2026-08-06,19.170238,77.292085,Taroda Naka,1299,3,4.8
ORD0389,CUST0150,2026-08-23,19.159349,77.307035,Workshop Corner,799,2,2.8
ORD0390,CUST0393,2026-08-31,19.155187,77.320822,Anand Nagar,1299,4,5.6
ORD0391,CUST0475,2026-08-17,19.1521,77.301043,Workshop Corner,3999,1,4.3
ORD0392,CUST0684,2026-08-04,19.14688,77.306297,CIDCO Nanded,799,3,1.5
ORD0393,CUST0496,2026-08-05,19.151258,77.312772,Workshop Corner,3999,3,5.2
ORD0394,CUST0232,2026-08-08,19.142553,77.307821,Workshop Corner,499,5,3.2
ORD0395,CUST0672,2026-08-22,19.113152,77.268755,Vishnupuri,799,4,3.9
ORD0396,CUST0512,2026-09-02,19.142667,77.313103,Old Nanded,799,2,2.7
ORD0397,CUST0586,2026-08-22,19.167006,77.316802,Workshop Corner,499,1,1.5
ORD0398,CUST0244,2026-09-02,19.161777,77.31978,Workshop Corner,1299,2,5.6
ORD0399,CUST0732,2026-08-26,19.170819,77.2993,Taroda Naka,1299,5,3.5
ORD0400,CUST0622,2026-09-02,19.134664,77.324177,CIDCO Nanded,499,3,5.5
ORD0401,CUST0118,2026-08-31,19.154427,77.309702,Workshop Corner,1299,6,5.3
ORD0402,CUST0698,2026-08-27,19.165691,77.28465,Taroda Naka,2499,6,2.0
ORD0403,CUST0712,2026-08-02,19.167786,77.275018,Taroda Naka,499,6,7.6
ORD0404,CUST0692,2026-09-07,19.168393,77.299525,Taroda Naka,2499,6,6.9
ORD0405,CUST0637,2026-08-11,19.193976,77.283245,Anand Nagar,1299,1,5.5
ORD0406,CUST0252,2026-08-25,19.148031,77.313227,Workshop Corner,499,5,6.9
ORD0407,CUST0296,2026-08-08,19.15019,77.308561,CIDCO Nanded,799,2,1.4
ORD0408,CUST0309,2026-08-27,19.185319,77.310191,Anand Nagar,799,3,4.3
ORD0409,CUST0242,2026-08-04,19.165093,77.297174,Taroda Naka,1299,5,7.9
ORD0410,CUST0639,2026-08-31,19.154753,77.326027,Workshop Corner,1299,5,3.6
ORD0411,CUST0451,2026-09-04,19.169011,77.305507,Taroda Naka,499,2,4.6
ORD0412,CUST0725,2026-08-17,19.156581,77.313594,Workshop Corner,1299,6,6.8
ORD0413,CUST0331,2026-08-20,19.173387,77.28357,Taroda Naka,799,2,3.2
ORD0414,CUST0601,2026-08-14,19.138055,77.30467,Old Nanded,1299,3,6.8
ORD0415,CUST0395,2026-08-18,19.166359,77.298288,Taroda Naka,2499,3,5.3
ORD0416,CUST0454,2026-08-26,19.186087,77.335222,Anand Nagar,1599,6,5.2
ORD0417,CUST0181,2026-08-19,19.108338,77.302461,Vishnupuri,799,2,3.3
ORD0418,CUST0320,2026-08-31,19.177469,77.3007,Taroda Naka,1599,4,6.0
ORD0419,CUST0379,2026-09-05,19.178429,77.334508,Anand Nagar,1599,5,3.2
ORD0420,CUST0349,2026-08-16,19.183446,77.305656,Anand Nagar,499,5,6.6
ORD0421,CUST0154,2026-08-15,19.168845,77.300719,Anand Nagar,799,5,2.8
ORD0422,CUST0241,2026-08-07,19.171378,77.336631,Anand Nagar,799,3,6.4
ORD0423,CUST0517,2026-08-11,19.174332,77.302123,Anand Nagar,799,5,8.3
ORD0424,CUST0395,2026-08-13,19.156358,77.304399,Workshop Corner,1299,4,4.7
ORD0425,CUST0688,2026-08-06,19.160118,77.317524,Taroda Naka,799,6,1.6
ORD0426,CUST0280,2026-08-03,19.18271,77.331513,Anand Nagar,1299,6,6.5
ORD0427,CUST0507,2026-08-03,19.153104,77.278546,Taroda Naka,1299,2,8.0
ORD0428,CUST0139,2026-08-19,19.163615,77.327977,CIDCO Nanded,1599,2,8.0
ORD0429,CUST0392,2026-08-22,19.189137,77.328241,Anand Nagar,3999,5,5.6
ORD0430,CUST0238,2026-09-01,19.164473,77.298921,Taroda Naka,2499,6,5.2
ORD0431,CUST0439,2026-08-08,19.138214,77.299474,Old Nanded,1299,4,3.2
ORD0432,CUST0115,2026-08-12,19.171553,77.306189,Anand Nagar,799,4,5.9
ORD0433,CUST0280,2026-08-13,19.139979,77.335312,CIDCO Nanded,799,3,5.3
ORD0434,CUST0628,2026-08-28,19.167116,77.316185,Workshop Corner,799,6,7.7
ORD0435,CUST0244,2026-08-12,19.157175,77.292754,Taroda Naka,499,4,6.1
ORD0436,CUST0342,2026-08-25,19.157308,77.30051,Taroda Naka,1299,2,1.2
ORD0437,CUST0697,2026-08-20,19.160986,77.298198,Taroda Naka,1299,3,8.2
ORD0438,CUST0342,2026-08-24,19.153372,77.319173,CIDCO Nanded,1299,1,3.1
ORD0439,CUST0516,2026-08-11,19.183503,77.312847,Anand Nagar,3999,1,4.6
ORD0440,CUST0403,2026-08-08,19.164649,77.313072,Workshop Corner,2499,6,6.8
ORD0441,CUST0590,2026-08-09,19.15998,77.288371,Taroda Naka,1299,2,2.8
ORD0442,CUST0526,2026-08-24,19.195793,77.314389,Anand Nagar,2499,6,8.4
ORD0443,CUST0354,2026-08-14,19.124318,77.312378,CIDCO Nanded,1599,4,6.7
ORD0444,CUST0639,2026-08-06,19.161423,77.305516,Workshop Corner,799,5,7.6
ORD0445,CUST0215,2026-09-06,19.160265,77.29779,Taroda Naka,1299,6,3.8
ORD0446,CUST0687,2026-08-13,19.208672,77.303146,Anand Nagar,499,5,7.8
ORD0447,CUST0553,2026-09-03,19.16007,77.31331,Workshop Corner,799,2,3.6
ORD0448,CUST0194,2026-09-01,19.196695,77.337481,Anand Nagar,1299,2,6.4
ORD0449,CUST0236,2026-08-30,19.139983,77.289672,Old Nanded,1299,4,7.1
ORD0450,CUST0574,2026-09-05,19.157515,77.309983,Workshop Corner,499,4,5.3
ORD0451,CUST0361,2026-08-26,19.148571,77.323113,Workshop Corner,799,3,6.5
ORD0452,CUST0147,2026-08-05,19.14874,77.332145,CIDCO Nanded,4999,6,2.8
ORD0453,CUST0171,2026-08-04,19.17269,77.311284,Taroda Naka,799,6,1.7
ORD0454,CUST0285,2026-08-27,19.095488,77.277331,Vishnupuri,799,4,1.4
ORD0455,CUST0484,2026-08-27,19.138375,77.31153,CIDCO Nanded,499,6,8.3
ORD0456,CUST0485,2026-08-25,19.102673,77.298521,Vishnupuri,1299,4,4.5
ORD0457,CUST0457,2026-08-09,19.185971,77.328002,Anand Nagar,1299,6,7.6
ORD0458,CUST0329,2026-08-09,19.167929,77.303198,Anand Nagar,1299,5,4.1
ORD0459,CUST0658,2026-08-30,19.156398,77.324609,CIDCO Nanded,1299,1,8.3
ORD0460,CUST0572,2026-08-16,19.167964,77.288191,Taroda Naka,3999,4,7.2
ORD0461,CUST0133,2026-08-08,19.172388,77.285793,Taroda Naka,799,3,2.6
ORD0462,CUST0347,2026-08-02,19.127935,77.320894,CIDCO Nanded,1299,4,5.7
ORD0463,CUST0713,2026-08-29,19.173174,77.332833,Anand Nagar,1299,1,5.5
ORD0464,CUST0512,2026-08-03,19.150729,77.298743,Workshop Corner,499,1,3.0
ORD0465,CUST0244,2026-08-04,19.179131,77.296417,Taroda Naka,1299,5,2.8
ORD0466,CUST0427,2026-09-06,19.149007,77.311803,Workshop Corner,1599,3,2.9
ORD0467,CUST0410,2026-08-16,19.156068,77.30878,Workshop Corner,1599,6,7.2
ORD0468,CUST0408,2026-08-27,19.135365,77.293992,Old Nanded,799,6,5.0
ORD0469,CUST0742,2026-08-12,19.148638,77.30008,Taroda Naka,799,5,8.1
ORD0470,CUST0491,2026-08-23,19.172246,77.300948,Workshop Corner,1299,5,4.8
ORD0471,CUST0253,2026-08-27,19.137933,77.329223,CIDCO Nanded,4999,3,6.3
ORD0472,CUST0347,2026-08-31,19.163152,77.29964,Taroda Naka,2499,2,6.7
ORD0473,CUST0575,2026-08-10,19.1389,77.318912,CIDCO Nanded,799,3,7.5
ORD0474,CUST0671,2026-08-27,19.150116,77.307396,Old Nanded,799,5,4.2
ORD0475,CUST0439,2026-08-14,19.1536,77.303954,Workshop Corner,499,4,3.0
ORD0476,CUST0649,2026-08-06,19.146707,77.320505,Workshop Corner,3999,4,7.4
ORD0477,CUST0720,2026-08-25,19.149945,77.325222,CIDCO Nanded,499,2,1.6
ORD0478,CUST0673,2026-09-07,19.174719,77.307599,Workshop Corner,1599,1,2.6
ORD0479,CUST0411,2026-08-22,19.182124,77.302258,Anand Nagar,799,2,7.5
ORD0480,CUST0221,2026-08-13,19.106424,77.273115,Vishnupuri,499,1,2.7
ORD0481,CUST0310,2026-09-08,19.138623,77.325827,CIDCO Nanded,3999,4,7.9
ORD0482,CUST0490,2026-08-19,19.148976,77.288535,Taroda Naka,1299,2,5.2
ORD0483,CUST0469,2026-08-17,19.157607,77.293559,Taroda Naka,1299,6,3.8
ORD0484,CUST0428,2026-08-31,19.159321,77.29974,Workshop Corner,1299,4,4.6
ORD0485,CUST0677,2026-08-03,19.143079,77.315417,Old Nanded,499,3,3.5
ORD0486,CUST0667,2026-08-17,19.139927,77.298302,Old Nanded,499,6,2.3
ORD0487,CUST0257,2026-08-19,19.139479,77.299278,Old Nanded,1299,5,6.5
ORD0488,CUST0612,2026-08-16,19.182188,77.309255,Anand Nagar,4999,2,4.0
ORD0489,CUST0603,2026-09-01,19.158496,77.319525,Workshop Corner,799,6,3.7
ORD0490,CUST0244,2026-08-11,19.171995,77.317887,Taroda Naka,799,6,7.0
ORD0491,CUST0161,2026-09-04,19.122964,77.317528,CIDCO Nanded,799,4,2.5
ORD0492,CUST0107,2026-08-04,19.164662,77.307467,Workshop Corner,1599,1,8.1
ORD0493,CUST0110,2026-08-10,19.161235,77.26909,Taroda Naka,499,6,2.9
ORD0494,CUST0600,2026-08-31,19.192357,77.308443,Anand Nagar,499,4,3.9
ORD0495,CUST0118,2026-08-01,19.164253,77.3202,Anand Nagar,499,5,5.2
ORD0496,CUST0118,2026-08-19,19.147047,77.309752,Workshop Corner,1299,3,5.1
ORD0497,CUST0210,2026-08-12,19.164573,77.308732,Workshop Corner,499,6,6.1
ORD0498,CUST0735,2026-08-13,19.134262,77.301639,Old Nanded,799,5,2.3
ORD0499,CUST0181,2026-08-26,19.153616,77.323694,Workshop Corner,799,3,3.2
ORD0500,CUST0332,2026-08-16,19.158252,77.272236,Taroda Naka,1599,4,4.6
ORD0501,CUST0196,2026-08-03,19.160309,77.305399,Taroda Naka,1299,1,6.0
ORD0502,CUST0110,2026-08-04,19.151009,77.290933,Taroda Naka,1599,4,5.2
ORD0503,CUST0440,2026-08-28,19.16173,77.313337,CIDCO Nanded,1299,1,4.8
ORD0504,CUST0336,2026-08-03,19.157212,77.316396,Workshop Corner,1299,1,7.7
ORD0505,CUST0378,2026-08-31,19.182384,77.308959,Anand Nagar,499,6,7.7
ORD0506,CUST0657,2026-08-18,19.183064,77.338666,Anand Nagar,1299,1,6.2
ORD0507,CUST0117,2026-08-21,19.152077,77.311477,Workshop Corner,499,1,2.5
ORD0508,CUST0179,2026-08-26,19.099963,77.307482,Vishnupuri,799,5,2.3
ORD0509,CUST0654,2026-08-25,19.179004,77.288431,Taroda Naka,1299,5,3.0
ORD0510,CUST0613,2026-08-06,19.162486,77.290639,Taroda Naka,499,6,2.2
ORD0511,CUST0338,2026-08-28,19.151043,77.327908,CIDCO Nanded,799,3,1.6
ORD0512,CUST0507,2026-09-08,19.144678,77.334423,CIDCO Nanded,799,3,5.6
ORD0513,CUST0562,2026-08-18,19.10716,77.284238,Vishnupuri,1299,3,1.4
ORD0514,CUST0543,2026-08-25,19.173417,77.307246,Taroda Naka,1299,3,5.2
ORD0515,CUST0734,2026-08-06,19.174278,77.329134,Anand Nagar,3999,5,6.0
ORD0516,CUST0375,2026-08-06,19.181556,77.312993,Taroda Naka,1599,2,6.4
ORD0517,CUST0499,2026-08-10,19.18846,77.33087,Anand Nagar,499,6,6.9
ORD0518,CUST0556,2026-08-20,19.172568,77.292896,Taroda Naka,799,1,1.9
ORD0519,CUST0292,2026-08-06,19.156552,77.275336,Taroda Naka,799,3,1.9
ORD0520,CUST0206,2026-08-27,19.172794,77.296477,Taroda Naka,799,5,5.2
ORD0521,CUST0713,2026-09-08,19.179345,77.314678,Anand Nagar,2499,3,5.2
ORD0522,CUST0498,2026-08-27,19.123254,77.330043,CIDCO Nanded,1599,4,1.3
ORD0523,CUST0686,2026-08-16,19.136162,77.323108,CIDCO Nanded,1599,6,7.8
ORD0524,CUST0376,2026-08-09,19.16471,77.30888,Workshop Corner,1599,6,4.0
ORD0525,CUST0546,2026-08-11,19.173629,77.306735,Taroda Naka,499,4,2.3
ORD0526,CUST0470,2026-08-05,19.170263,77.295303,Taroda Naka,2499,3,4.7
ORD0527,CUST0709,2026-09-01,19.170997,77.288486,Taroda Naka,1599,2,6.5
ORD0528,CUST0107,2026-08-20,19.155244,77.298065,Workshop Corner,1599,4,2.0
ORD0529,CUST0438,2026-08-25,19.147779,77.31732,Old Nanded,1299,3,7.3
ORD0530,CUST0240,2026-09-08,19.148008,77.295784,Taroda Naka,1299,4,7.2
ORD0531,CUST0591,2026-08-13,19.174533,77.298812,Taroda Naka,1299,5,8.1
ORD0532,CUST0749,2026-08-19,19.160776,77.299781,Taroda Naka,1299,4,8.3
ORD0533,CUST0486,2026-08-21,19.16491,77.286495,Taroda Naka,1599,5,6.9
ORD0534,CUST0305,2026-09-06,19.169607,77.280995,Taroda Naka,1599,4,3.9
ORD0535,CUST0128,2026-09-05,19.145433,77.313557,Workshop Corner,799,5,2.5
ORD0536,CUST0549,2026-08-14,19.11617,77.309822,Vishnupuri,499,4,8.1
ORD0537,CUST0612,2026-08-27,19.129366,77.327131,CIDCO Nanded,3999,6,1.7
ORD0538,CUST0534,2026-08-10,19.164602,77.304724,Anand Nagar,499,3,3.0
ORD0539,CUST0591,2026-09-08,19.145946,77.315899,CIDCO Nanded,4999,1,4.5
ORD0540,CUST0657,2026-08-27,19.148463,77.293247,Workshop Corner,1599,5,4.9
ORD0541,CUST0709,2026-09-04,19.184696,77.329191,Anand Nagar,799,3,6.3
ORD0542,CUST0464,2026-08-16,19.168449,77.303993,Workshop Corner,499,1,2.0
ORD0543,CUST0440,2026-08-26,19.163692,77.333151,Anand Nagar,1599,5,1.5
ORD0544,CUST0365,2026-08-07,19.114717,77.275464,Vishnupuri,1299,4,2.0
ORD0545,CUST0690,2026-09-07,19.175229,77.320215,Anand Nagar,1299,6,5.0
ORD0546,CUST0613,2026-09-07,19.204336,77.340639,Anand Nagar,1299,3,4.1
ORD0547,CUST0526,2026-08-19,19.194289,77.32511,Anand Nagar,799,1,4.7
ORD0548,CUST0457,2026-08-10,19.144937,77.313812,Old Nanded,499,1,2.0
ORD0549,CUST0595,2026-09-03,19.165298,77.290468,Taroda Naka,1599,4,6.9
ORD0550,CUST0427,2026-08-29,19.176478,77.30182,Taroda Naka,1299,1,4.4
ORD0551,CUST0124,2026-08-08,19.1683,77.315676,Anand Nagar,799,1,7.1
ORD0552,CUST0350,2026-08-11,19.128724,77.318512,CIDCO Nanded,799,6,2.0
ORD0553,CUST0537,2026-09-05,19.167108,77.315046,Workshop Corner,4999,5,2.4
ORD0554,CUST0291,2026-08-12,19.114848,77.296651,Vishnupuri,799,2,7.0
ORD0555,CUST0561,2026-08-13,19.164768,77.314657,Workshop Corner,499,4,4.1
ORD0556,CUST0311,2026-08-14,19.164179,77.307566,Workshop Corner,799,4,1.2
ORD0557,CUST0692,2026-08-05,19.185846,77.310432,Taroda Naka,499,6,7.1
ORD0558,CUST0302,2026-08-21,19.16507,77.303906,Anand Nagar,499,5,2.6
ORD0559,CUST0641,2026-09-01,19.168409,77.277316,Taroda Naka,799,3,6.1
ORD0560,CUST0702,2026-08-26,19.127494,77.285076,Vishnupuri,1599,3,5.6
ORD0561,CUST0405,2026-08-12,19.188163,77.311608,Anand Nagar,1299,3,7.4
ORD0562,CUST0421,2026-08-09,19.134997,77.301535,Old Nanded,499,5,1.8
ORD0563,CUST0245,2026-08-24,19.18167,77.339267,Anand Nagar,799,3,2.1
ORD0564,CUST0493,2026-09-06,19.162201,77.316225,Workshop Corner,499,4,5.6
ORD0565,CUST0669,2026-08-12,19.157016,77.298018,Taroda Naka,1599,4,5.8
ORD0566,CUST0562,2026-08-21,19.186242,77.319458,Anand Nagar,499,3,2.2
ORD0567,CUST0240,2026-09-01,19.154199,77.308371,Workshop Corner,799,3,8.1
ORD0568,CUST0607,2026-09-02,19.18626,77.315347,Anand Nagar,799,4,8.2
ORD0569,CUST0601,2026-08-29,19.176136,77.286968,Taroda Naka,799,4,4.2
ORD0570,CUST0400,2026-08-15,19.175687,77.317832,Anand Nagar,499,5,1.4
ORD0571,CUST0569,2026-08-11,19.152909,77.328609,Anand Nagar,799,2,5.1
ORD0572,CUST0687,2026-08-08,19.156977,77.310699,Workshop Corner,1299,4,5.2
ORD0573,CUST0656,2026-08-24,19.163249,77.311651,Anand Nagar,1599,5,7.2
ORD0574,CUST0660,2026-08-29,19.125786,77.326238,CIDCO Nanded,1299,1,6.7
ORD0575,CUST0405,2026-08-16,19.187597,77.317572,Anand Nagar,1299,4,1.9
ORD0576,CUST0190,2026-08-23,19.137724,77.299163,Old Nanded,499,1,4.5
ORD0577,CUST0315,2026-08-16,19.159654,77.286897,Taroda Naka,2499,1,6.9
ORD0578,CUST0270,2026-08-28,19.149193,77.349295,CIDCO Nanded,499,5,6.2
ORD0579,CUST0684,2026-08-04,19.158431,77.315545,Workshop Corner,499,2,7.1
ORD0580,CUST0432,2026-08-11,19.170795,77.313115,Taroda Naka,499,3,5.6
ORD0581,CUST0627,2026-08-18,19.095918,77.24418,Vishnupuri,499,3,3.3
ORD0582,CUST0522,2026-08-09,19.105274,77.31815,Vishnupuri,799,6,7.2
ORD0583,CUST0236,2026-08-09,19.150572,77.320517,Old Nanded,499,3,7.5
ORD0584,CUST0503,2026-08-16,19.198767,77.318684,Anand Nagar,1299,6,3.6
ORD0585,CUST0485,2026-08-27,19.16054,77.287008,Taroda Naka,499,5,5.8
ORD0586,CUST0513,2026-08-06,19.178619,77.287316,Taroda Naka,1299,6,7.0
ORD0587,CUST0566,2026-08-24,19.157585,77.307981,Workshop Corner,2499,3,6.3
ORD0588,CUST0570,2026-08-06,19.106593,77.295671,Vishnupuri,1299,3,5.4
ORD0589,CUST0648,2026-08-05,19.162065,77.309377,Workshop Corner,1299,6,3.8
ORD0590,CUST0375,2026-09-01,19.157266,77.294946,Taroda Naka,1299,4,7.2
ORD0591,CUST0234,2026-09-06,19.162736,77.306484,Taroda Naka,1599,3,3.7
ORD0592,CUST0148,2026-08-04,19.140354,77.311605,Workshop Corner,1599,4,7.0
ORD0593,CUST0552,2026-08-11,19.20448,77.330961,Anand Nagar,1599,4,1.3
ORD0594,CUST0410,2026-08-09,19.174654,77.293082,Taroda Naka,1299,4,2.7
ORD0595,CUST0357,2026-08-24,19.187817,77.307844,Anand Nagar,1599,3,1.9
ORD0596,CUST0154,2026-08-11,19.192006,77.312867,Anand Nagar,2499,6,7.8
ORD0597,CUST0540,2026-08-15,19.163652,77.290964,Taroda Naka,499,3,6.5
ORD0598,CUST0589,2026-08-14,19.157384,77.316087,Workshop Corner,499,6,1.9
ORD0599,CUST0110,2026-08-29,19.20675,77.30519,Anand Nagar,499,5,2.9
ORD0600,CUST0236,2026-08-28,19.184298,77.320895,Anand Nagar,1299,3,7.2
ORD0601,CUST0206,2026-08-07,19.166204,77.299524,Taroda Naka,4999,2,4.0
ORD0602,CUST0247,2026-08-09,19.178487,77.309323,Taroda Naka,499,3,2.2
ORD0603,CUST0551,2026-08-11,19.179754,77.329829,Anand Nagar,499,5,1.3
ORD0604,CUST0522,2026-08-10,19.167327,77.292331,Taroda Naka,1299,2,5.8
ORD0605,CUST0203,2026-08-06,19.159637,77.312606,Workshop Corner,499,4,7.5
ORD0606,CUST0460,2026-08-25,19.172336,77.325157,Anand Nagar,2499,1,5.5
ORD0607,CUST0384,2026-08-16,19.114527,77.307764,Vishnupuri,1599,3,7.0
ORD0608,CUST0723,2026-09-08,19.152571,77.294358,Workshop Corner,1599,2,5.2
ORD0609,CUST0311,2026-08-20,19.145781,77.288922,Taroda Naka,1299,6,1.4
ORD0610,CUST0403,2026-08-26,19.151013,77.317942,Workshop Corner,499,5,2.6
ORD0611,CUST0347,2026-08-08,19.161725,77.314374,Workshop Corner,499,2,4.8
ORD0612,CUST0470,2026-08-01,19.161347,77.290893,Taroda Naka,799,5,1.7
ORD0613,CUST0531,2026-09-06,19.159538,77.299099,Old Nanded,1299,2,4.0
ORD0614,CUST0175,2026-08-31,19.151816,77.307439,Taroda Naka,1599,6,2.5
ORD0615,CUST0141,2026-08-14,19.186845,77.31771,Anand Nagar,1299,1,1.3
ORD0616,CUST0526,2026-09-02,19.148352,77.294889,Old Nanded,799,4,4.9
ORD0617,CUST0651,2026-09-04,19.162354,77.297012,Taroda Naka,499,4,1.8
ORD0618,CUST0624,2026-08-06,19.151783,77.314194,Workshop Corner,1599,3,1.8
ORD0619,CUST0701,2026-08-26,19.152842,77.289886,Old Nanded,1299,2,5.1
ORD0620,CUST0418,2026-08-05,19.139511,77.311007,Workshop Corner,799,6,6.2
ORD0621,CUST0160,2026-08-16,19.159111,77.311437,Workshop Corner,2499,6,8.2
ORD0622,CUST0157,2026-09-08,19.190683,77.32601,Anand Nagar,1299,4,2.0
ORD0623,CUST0223,2026-08-12,19.171098,77.292587,Taroda Naka,1299,6,6.0
ORD0624,CUST0609,2026-08-11,19.170404,77.319802,Anand Nagar,799,2,6.3
ORD0625,CUST0271,2026-08-17,19.128606,77.286194,Vishnupuri,1299,5,5.0
ORD0626,CUST0221,2026-08-18,19.169529,77.294366,Taroda Naka,499,6,6.9
ORD0627,CUST0379,2026-08-28,19.132111,77.319004,CIDCO Nanded,1599,1,3.6
ORD0628,CUST0743,2026-09-06,19.153225,77.313373,Workshop Corner,2499,3,6.4
ORD0629,CUST0612,2026-08-04,19.188157,77.314885,Anand Nagar,1599,4,4.9
ORD0630,CUST0206,2026-08-17,19.152998,77.297259,Old Nanded,799,2,3.9
ORD0631,CUST0622,2026-08-15,19.148306,77.318544,Old Nanded,499,6,6.5
ORD0632,CUST0473,2026-08-31,19.159378,77.314445,Anand Nagar,1299,1,3.0
ORD0633,CUST0667,2026-08-03,19.156463,77.284322,Taroda Naka,1599,2,2.5
ORD0634,CUST0330,2026-08-27,19.142711,77.32989,CIDCO Nanded,1299,6,6.6
ORD0635,CUST0378,2026-08-21,19.165956,77.293312,Taroda Naka,1599,4,7.9
ORD0636,CUST0154,2026-09-02,19.138914,77.314862,CIDCO Nanded,4999,5,3.9
ORD0637,CUST0171,2026-08-26,19.182841,77.331943,Anand Nagar,499,5,8.4
ORD0638,CUST0436,2026-08-20,19.148128,77.312472,Old Nanded,499,3,6.8
ORD0639,CUST0399,2026-08-13,19.193702,77.324013,Anand Nagar,2499,4,1.3
ORD0640,CUST0576,2026-08-16,19.160226,77.3315,Workshop Corner,799,3,6.6
ORD0641,CUST0660,2026-08-13,19.160459,77.276694,Taroda Naka,1599,4,8.5
ORD0642,CUST0125,2026-08-27,19.147744,77.32253,CIDCO Nanded,799,2,2.3
ORD0643,CUST0444,2026-08-01,19.201347,77.333779,Anand Nagar,1299,3,5.8
ORD0644,CUST0207,2026-08-20,19.169827,77.327394,Anand Nagar,1299,6,3.9
ORD0645,CUST0246,2026-08-04,19.179047,77.307881,Anand Nagar,1299,2,4.3
ORD0646,CUST0633,2026-08-15,19.142667,77.321577,CIDCO Nanded,1299,1,1.5
ORD0647,CUST0695,2026-08-06,19.167436,77.311951,Taroda Naka,1299,3,4.5
ORD0648,CUST0177,2026-08-26,19.180734,77.315788,Anand Nagar,799,2,5.9
ORD0649,CUST0343,2026-08-09,19.150106,77.309704,Workshop Corner,499,1,4.4
ORD0650,CUST0435,2026-08-26,19.164798,77.274321,Taroda Naka,499,3,8.0
ORD0651,CUST0240,2026-08-13,19.151953,77.302601,Taroda Naka,799,3,2.9
ORD0652,CUST0269,2026-08-07,19.135746,77.320076,CIDCO Nanded,499,5,2.0
ORD0653,CUST0467,2026-09-04,19.163908,77.287478,Taroda Naka,1599,3,4.2
ORD0654,CUST0372,2026-08-30,19.119202,77.328963,Vishnupuri,799,2,4.5
ORD0655,CUST0718,2026-08-20,19.143559,77.308042,Old Nanded,499,1,2.4
ORD0656,CUST0465,2026-08-16,19.171365,77.321224,Anand Nagar,799,3,2.3
ORD0657,CUST0279,2026-08-17,19.17776,77.295213,Taroda Naka,1299,1,6.1
ORD0658,CUST0664,2026-09-05,19.177211,77.310165,Anand Nagar,799,4,7.4
ORD0659,CUST0225,2026-08-09,19.160362,77.29899,Anand Nagar,2499,4,1.9
ORD0660,CUST0482,2026-08-26,19.191264,77.336376,Anand Nagar,799,2,2.2
ORD0661,CUST0366,2026-09-07,19.151136,77.311174,Workshop Corner,799,6,1.8
ORD0662,CUST0303,2026-08-05,19.146304,77.296467,Old Nanded,1299,1,1.4
ORD0663,CUST0440,2026-08-06,19.142583,77.293979,Old Nanded,1299,4,7.1
ORD0664,CUST0544,2026-09-06,19.171342,77.314317,Anand Nagar,799,4,1.6
ORD0665,CUST0537,2026-08-25,19.136556,77.320845,CIDCO Nanded,499,4,4.8
ORD0666,CUST0387,2026-08-18,19.188143,77.31598,Anand Nagar,1299,2,7.8
ORD0667,CUST0403,2026-08-16,19.156096,77.309109,Taroda Naka,1299,2,1.5
ORD0668,CUST0387,2026-08-06,19.169067,77.302589,Taroda Naka,2499,5,4.7
ORD0669,CUST0356,2026-09-03,19.160876,77.298615,Taroda Naka,2499,4,2.7
ORD0670,CUST0468,2026-08-25,19.155467,77.304042,Workshop Corner,499,5,7.0
ORD0671,CUST0615,2026-09-06,19.166668,77.292919,Taroda Naka,799,4,3.7
ORD0672,CUST0712,2026-08-21,19.193781,77.290143,Taroda Naka,499,3,2.5
ORD0673,CUST0643,2026-08-31,19.183918,77.305668,Anand Nagar,799,3,1.6
ORD0674,CUST0203,2026-08-11,19.175555,77.307873,Taroda Naka,1599,5,8.5
ORD0675,CUST0325,2026-08-04,19.174245,77.339304,Anand Nagar,1299,2,3.1
ORD0676,CUST0281,2026-08-12,19.147449,77.301243,Workshop Corner,1599,4,3.8
ORD0677,CUST0706,2026-08-23,19.19871,77.314999,Anand Nagar,1599,3,7.1
ORD0678,CUST0678,2026-09-06,19.160168,77.309682,Anand Nagar,1299,6,3.8
ORD0679,CUST0656,2026-09-01,19.197652,77.29805,Anand Nagar,1599,2,7.3
ORD0680,CUST0339,2026-08-04,19.157132,77.30982,Taroda Naka,499,4,1.5
ORD0681,CUST0440,2026-08-01,19.146154,77.308281,Workshop Corner,2499,1,5.0
ORD0682,CUST0282,2026-08-22,19.13632,77.298129,Old Nanded,499,2,7.1
ORD0683,CUST0701,2026-08-10,19.156793,77.314561,Old Nanded,799,3,1.6
ORD0684,CUST0474,2026-09-03,19.136343,77.312149,CIDCO Nanded,799,2,6.9
ORD0685,CUST0701,2026-08-26,19.126473,77.312234,Vishnupuri,799,3,6.3
ORD0686,CUST0548,2026-08-11,19.204697,77.312455,Anand Nagar,499,3,3.6
ORD0687,CUST0676,2026-08-12,19.132788,77.319841,CIDCO Nanded,1299,4,5.9
ORD0688,CUST0704,2026-08-15,19.154183,77.313274,Workshop Corner,499,5,6.9
ORD0689,CUST0231,2026-08-19,19.137028,77.31593,CIDCO Nanded,499,4,3.4
ORD0690,CUST0501,2026-09-06,19.160355,77.31374,Anand Nagar,2499,1,8.1
ORD0691,CUST0426,2026-09-08,19.151273,77.298996,Old Nanded,1299,5,1.4
ORD0692,CUST0207,2026-09-06,19.131143,77.288624,Old Nanded,799,5,2.8
ORD0693,CUST0344,2026-08-05,19.134255,77.303286,Old Nanded,1299,2,3.6
ORD0694,CUST0444,2026-08-06,19.182728,77.297505,Taroda Naka,1599,3,2.4
ORD0695,CUST0459,2026-08-05,19.148989,77.289573,Taroda Naka,799,3,2.7
ORD0696,CUST0496,2026-08-04,19.154385,77.28635,Taroda Naka,3999,1,6.5
ORD0697,CUST0605,2026-08-27,19.147207,77.302479,Taroda Naka,1299,4,8.3
ORD0698,CUST0591,2026-08-07,19.143453,77.292027,Old Nanded,1299,3,5.2
ORD0699,CUST0267,2026-08-15,19.110167,77.316854,CIDCO Nanded,4999,5,6.0
ORD0700,CUST0368,2026-08-21,19.169919,77.303995,Taroda Naka,1299,1,3.4
ORD0701,CUST0265,2026-08-25,19.093557,77.29545,Vishnupuri,799,1,3.7
ORD0702,CUST0447,2026-08-06,19.137668,77.313755,CIDCO Nanded,1299,5,8.1
ORD0703,CUST0542,2026-08-02,19.15703,77.313742,Workshop Corner,1299,5,7.7
ORD0704,CUST0261,2026-08-28,19.141744,77.304521,Old Nanded,1599,2,5.6
ORD0705,CUST0520,2026-08-13,19.189459,77.313565,Anand Nagar,2499,3,2.7
ORD0706,CUST0372,2026-09-04,19.154003,77.300619,Workshop Corner,4999,6,8.0
ORD0707,CUST0503,2026-08-04,19.164008,77.309589,Workshop Corner,1299,3,2.9
ORD0708,CUST0104,2026-08-24,19.143416,77.303258,Workshop Corner,799,4,2.3
ORD0709,CUST0592,2026-09-08,19.161043,77.308744,Taroda Naka,1299,3,7.2
ORD0710,CUST0184,2026-08-19,19.214591,77.314763,Anand Nagar,2499,1,2.7
ORD0711,CUST0583,2026-08-26,19.166451,77.297856,Taroda Naka,1599,1,3.5
ORD0712,CUST0497,2026-09-04,19.171147,77.309919,Taroda Naka,3999,6,3.1
ORD0713,CUST0146,2026-08-29,19.179632,77.316185,Anand Nagar,2499,4,3.9
ORD0714,CUST0678,2026-08-18,19.178658,77.292955,Taroda Naka,2499,4,3.1
ORD0715,CUST0453,2026-08-06,19.189123,77.282715,Anand Nagar,1299,6,6.1
ORD0716,CUST0333,2026-09-07,19.159528,77.317344,CIDCO Nanded,1599,4,8.3
ORD0717,CUST0649,2026-08-27,19.148817,77.313256,Workshop Corner,799,4,7.2
ORD0718,CUST0588,2026-08-16,19.164163,77.305748,Workshop Corner,799,4,5.4
ORD0719,CUST0615,2026-08-03,19.176531,77.300131,Taroda Naka,799,4,7.8
ORD0720,CUST0224,2026-08-10,19.15912,77.315725,Workshop Corner,499,5,7.0
ORD0721,CUST0317,2026-08-11,19.152204,77.308789,Old Nanded,1299,4,2.5
ORD0722,CUST0546,2026-08-06,19.14443,77.324946,CIDCO Nanded,1299,2,1.5
ORD0723,CUST0365,2026-09-08,19.181682,77.307418,Anand Nagar,499,6,2.3
ORD0724,CUST0190,2026-08-05,19.150597,77.278674,Taroda Naka,499,6,7.9
ORD0725,CUST0633,2026-08-18,19.159076,77.29192,Taroda Naka,1599,4,5.2
ORD0726,CUST0636,2026-09-07,19.167302,77.301086,Taroda Naka,799,1,6.9
ORD0727,CUST0681,2026-08-10,19.138013,77.311012,CIDCO Nanded,1599,1,4.2
ORD0728,CUST0204,2026-09-06,19.153566,77.31066,Workshop Corner,499,1,8.0
ORD0729,CUST0371,2026-08-27,19.120317,77.31161,CIDCO Nanded,799,5,7.6
ORD0730,CUST0139,2026-08-31,19.175729,77.288701,Taroda Naka,2499,4,5.4
ORD0731,CUST0512,2026-09-08,19.191954,77.315674,Anand Nagar,799,4,2.3
ORD0732,CUST0587,2026-08-04,19.16351,77.31641,Anand Nagar,1299,3,6.2
ORD0733,CUST0419,2026-08-20,19.145539,77.304496,Old Nanded,799,3,1.3
ORD0734,CUST0334,2026-08-07,19.158453,77.29835,Taroda Naka,2499,4,7.5
ORD0735,CUST0376,2026-08-21,19.145766,77.320206,Anand Nagar,1299,6,4.4
ORD0736,CUST0553,2026-08-13,19.130862,77.32208,CIDCO Nanded,1299,5,5.9
ORD0737,CUST0483,2026-09-03,19.191685,77.306317,Anand Nagar,1599,4,6.6
ORD0738,CUST0419,2026-08-05,19.140602,77.335067,CIDCO Nanded,1299,5,7.0
ORD0739,CUST0683,2026-09-03,19.142317,77.314401,CIDCO Nanded,799,4,2.2
ORD0740,CUST0160,2026-08-13,19.16,77.317663,Anand Nagar,499,2,7.6
ORD0741,CUST0304,2026-08-24,19.175711,77.319828,Anand Nagar,1599,4,1.6
ORD0742,CUST0132,2026-08-08,19.160738,77.295154,Taroda Naka,799,4,4.9
ORD0743,CUST0586,2026-08-12,19.178065,77.319862,Anand Nagar,1599,4,5.5
ORD0744,CUST0193,2026-08-17,19.148132,77.319005,Workshop Corner,499,3,3.7
ORD0745,CUST0320,2026-09-06,19.153541,77.286807,Taroda Naka,1599,4,1.6
ORD0746,CUST0376,2026-08-14,19.154247,77.296027,Old Nanded,2499,6,2.8
ORD0747,CUST0586,2026-08-01,19.161807,77.308901,Workshop Corner,799,5,1.3
ORD0748,CUST0330,2026-08-01,19.14441,77.319835,Old Nanded,799,6,2.5
ORD0749,CUST0534,2026-08-18,19.181227,77.304262,Taroda Naka,499,3,6.4
ORD0750,CUST0578,2026-08-14,19.1497,77.294652,Old Nanded,1299,3,4.6
ORD0751,CUST0699,2026-08-26,19.167887,77.296973,Taroda Naka,799,5,7.2
ORD0752,CUST0675,2026-08-24,19.18444,77.314584,Anand Nagar,1299,5,8.5
ORD0753,CUST0594,2026-08-07,19.153884,77.306398,Workshop Corner,3999,5,3.3
ORD0754,CUST0368,2026-08-18,19.14801,77.318203,Anand Nagar,1299,3,5.9
ORD0755,CUST0630,2026-08-10,19.150596,77.300234,Workshop Corner,799,6,3.4
ORD0756,CUST0514,2026-09-08,19.151586,77.316479,CIDCO Nanded,2499,1,7.1
ORD0757,CUST0610,2026-08-02,19.159978,77.300889,Workshop Corner,1299,6,2.2
ORD0758,CUST0498,2026-08-26,19.107905,77.293477,Vishnupuri,1299,3,7.8
ORD0759,CUST0295,2026-09-06,19.120909,77.328997,CIDCO Nanded,499,5,6.4
ORD0760,CUST0588,2026-09-04,19.179746,77.303101,Taroda Naka,799,6,2.8
ORD0761,CUST0275,2026-08-20,19.134295,77.316784,Old Nanded,1599,6,3.8
ORD0762,CUST0583,2026-08-07,19.140115,77.31837,CIDCO Nanded,799,5,2.5
ORD0763,CUST0288,2026-09-05,19.175471,77.316046,Anand Nagar,499,3,6.5
ORD0764,CUST0464,2026-08-15,19.129305,77.303071,Old Nanded,1599,3,6.0
ORD0765,CUST0481,2026-08-22,19.179257,77.306068,Anand Nagar,1299,3,4.3
ORD0766,CUST0582,2026-08-08,19.17479,77.270901,Taroda Naka,1299,3,4.6
ORD0767,CUST0584,2026-08-05,19.181769,77.314845,Anand Nagar,3999,6,5.5
ORD0768,CUST0643,2026-08-25,19.163161,77.303947,Old Nanded,799,5,2.1
ORD0769,CUST0241,2026-08-10,19.174154,77.302182,Taroda Naka,1299,1,7.6
ORD0770,CUST0569,2026-09-06,19.108435,77.290884,Vishnupuri,799,3,4.2
ORD0771,CUST0600,2026-08-06,19.183222,77.336588,Anand Nagar,799,6,2.5
ORD0772,CUST0105,2026-08-04,19.176887,77.281486,Taroda Naka,3999,2,3.5
ORD0773,CUST0691,2026-08-11,19.168733,77.29744,Taroda Naka,1599,2,6.8
ORD0774,CUST0233,2026-08-06,19.112992,77.309701,CIDCO Nanded,799,4,6.9
ORD0775,CUST0589,2026-08-28,19.154174,77.296854,Workshop Corner,1599,6,4.3
ORD0776,CUST0115,2026-08-24,19.16005,77.294588,Taroda Naka,3999,1,5.1
ORD0777,CUST0742,2026-08-01,19.145188,77.304076,Old Nanded,3999,5,2.6
ORD0778,CUST0420,2026-08-23,19.135737,77.31285,CIDCO Nanded,799,2,6.3
ORD0779,CUST0272,2026-08-20,19.177498,77.314187,Anand Nagar,1299,4,4.9
ORD0780,CUST0567,2026-08-19,19.186719,77.334956,Anand Nagar,499,1,3.4
ORD0781,CUST0238,2026-08-28,19.14348,77.332542,CIDCO Nanded,799,5,5.0
ORD0782,CUST0269,2026-08-13,19.1553,77.303486,Taroda Naka,799,4,3.8
ORD0783,CUST0235,2026-08-15,19.142894,77.306197,Old Nanded,1299,4,1.3
ORD0784,CUST0227,2026-08-11,19.185961,77.325439,Anand Nagar,499,1,5.5
ORD0785,CUST0362,2026-08-25,19.158649,77.315895,Taroda Naka,499,6,7.0
ORD0786,CUST0211,2026-08-04,19.138416,77.32643,CIDCO Nanded,799,5,1.6
ORD0787,CUST0527,2026-08-08,19.171189,77.310054,Workshop Corner,499,1,1.6
ORD0788,CUST0257,2026-08-31,19.175415,77.288824,Taroda Naka,1299,1,5.2
ORD0789,CUST0531,2026-08-20,19.155458,77.336401,Anand Nagar,499,6,5.8
ORD0790,CUST0241,2026-09-08,19.153394,77.300143,Workshop Corner,799,6,5.0
ORD0791,CUST0390,2026-08-08,19.162708,77.300886,Taroda Naka,3999,1,4.9
ORD0792,CUST0305,2026-09-08,19.182576,77.321982,Anand Nagar,799,1,4.8
ORD0793,CUST0520,2026-08-23,19.160267,77.305005,CIDCO Nanded,499,5,8.3
ORD0794,CUST0593,2026-08-14,19.168627,77.295414,Taroda Naka,499,1,5.2
ORD0795,CUST0214,2026-08-06,19.171259,77.295191,Taroda Naka,1599,1,1.3
ORD0796,CUST0624,2026-08-06,19.137066,77.306323,CIDCO Nanded,1599,6,4.8
ORD0797,CUST0337,2026-08-17,19.190637,77.302481,Anand Nagar,1299,6,1.9
ORD0798,CUST0203,2026-08-04,19.169322,77.282969,Taroda Naka,1599,3,3.1
ORD0799,CUST0421,2026-08-24,19.134556,77.319992,CIDCO Nanded,499,1,7.4
ORD0800,CUST0110,2026-08-03,19.173185,77.292925,Taroda Naka,799,1,1.9
ORD0801,CUST0467,2026-08-22,19.133746,77.307441,Old Nanded,799,6,5.9
ORD0802,CUST0482,2026-08-06,19.149226,77.308427,Old Nanded,499,5,3.2
ORD0803,CUST0568,2026-08-26,19.133196,77.319273,CIDCO Nanded,1299,2,2.0
ORD0804,CUST0532,2026-08-31,19.159038,77.29839,Taroda Naka,799,4,6.2
ORD0805,CUST0264,2026-08-04,19.160954,77.30855,Workshop Corner,4999,2,2.0
ORD0806,CUST0549,2026-09-06,19.165871,77.298761,Anand Nagar,1599,5,4.7
ORD0807,CUST0234,2026-08-02,19.159602,77.33009,Anand Nagar,1599,4,6.9
ORD0808,CUST0552,2026-08-27,19.171065,77.279204,Taroda Naka,799,4,2.0
ORD0809,CUST0638,2026-08-01,19.167466,77.326769,Anand Nagar,499,3,6.0
ORD0810,CUST0447,2026-08-15,19.121211,77.320358,CIDCO Nanded,499,5,6.5
ORD0811,CUST0544,2026-08-07,19.151744,77.315491,Workshop Corner,3999,6,6.3
ORD0812,CUST0253,2026-08-25,19.142678,77.325867,Workshop Corner,1299,2,4.7
ORD0813,CUST0112,2026-08-04,19.155789,77.321148,CIDCO Nanded,799,5,7.7
ORD0814,CUST0608,2026-08-31,19.161234,77.307675,Workshop Corner,2499,2,4.9
ORD0815,CUST0347,2026-08-21,19.143298,77.310295,Old Nanded,1599,1,6.7
ORD0816,CUST0664,2026-08-15,19.163391,77.260286,Taroda Naka,799,3,1.6
ORD0817,CUST0571,2026-08-06,19.144981,77.312909,Workshop Corner,799,4,7.2
ORD0818,CUST0558,2026-09-01,19.163338,77.299439,Taroda Naka,499,5,4.5
ORD0819,CUST0206,2026-08-02,19.140958,77.296989,Taroda Naka,1599,4,6.6
ORD0820,CUST0194,2026-08-01,19.162214,77.304577,Taroda Naka,1299,1,5.3
ORD0821,CUST0676,2026-09-02,19.145482,77.333118,CIDCO Nanded,499,5,5.9
ORD0822,CUST0473,2026-08-22,19.183314,77.33063,Anand Nagar,799,6,4.5
ORD0823,CUST0674,2026-08-22,19.132454,77.319103,CIDCO Nanded,499,2,7.4
ORD0824,CUST0564,2026-08-24,19.145593,77.291858,CIDCO Nanded,499,5,4.7
ORD0825,CUST0464,2026-08-22,19.168953,77.30497,Anand Nagar,799,6,2.8
ORD0826,CUST0209,2026-08-24,19.151391,77.329026,CIDCO Nanded,1599,3,5.2
ORD0827,CUST0210,2026-08-27,19.16129,77.309869,Anand Nagar,799,2,4.8
ORD0828,CUST0321,2026-08-26,19.175636,77.300796,Taroda Naka,499,2,2.6
ORD0829,CUST0525,2026-08-07,19.174834,77.292485,Taroda Naka,1599,2,6.4
ORD0830,CUST0227,2026-09-07,19.199517,77.297359,Anand Nagar,1299,6,7.3
ORD0831,CUST0617,2026-09-07,19.138938,77.311109,CIDCO Nanded,1599,4,4.5
ORD0832,CUST0667,2026-08-04,19.187764,77.311167,Anand Nagar,1299,4,1.2
ORD0833,CUST0282,2026-09-02,19.150854,77.288472,Old Nanded,799,5,4.7
ORD0834,CUST0207,2026-08-09,19.162763,77.316427,Workshop Corner,499,2,6.5
ORD0835,CUST0617,2026-08-21,19.186957,77.326099,Taroda Naka,799,5,5.6
ORD0836,CUST0381,2026-08-16,19.154737,77.31096,Old Nanded,1299,4,8.4
ORD0837,CUST0237,2026-08-29,19.169301,77.299977,Taroda Naka,1599,3,8.3
ORD0838,CUST0407,2026-09-02,19.176928,77.326119,Anand Nagar,1599,5,6.3
ORD0839,CUST0748,2026-09-05,19.131859,77.307898,CIDCO Nanded,799,5,7.5
ORD0840,CUST0454,2026-08-19,19.194698,77.329251,Anand Nagar,1299,2,5.8
ORD0841,CUST0616,2026-08-12,19.14495,77.308019,Old Nanded,799,2,8.4
ORD0842,CUST0461,2026-08-08,19.158633,77.305722,Workshop Corner,1599,6,3.6
ORD0843,CUST0647,2026-08-27,19.152648,77.309427,Workshop Corner,1599,5,5.4
ORD0844,CUST0210,2026-09-03,19.166397,77.299548,Taroda Naka,799,4,7.1
ORD0845,CUST0305,2026-08-04,19.192685,77.324902,Anand Nagar,1299,2,1.6
ORD0846,CUST0250,2026-08-17,19.185192,77.295399,Taroda Naka,2499,2,8.4
ORD0847,CUST0655,2026-08-14,19.143412,77.314214,CIDCO Nanded,1299,6,6.9
ORD0848,CUST0330,2026-09-05,19.170043,77.314642,Anand Nagar,2499,4,1.9
ORD0849,CUST0395,2026-09-02,19.132733,77.310509,CIDCO Nanded,799,5,4.0
ORD0850,CUST0527,2026-08-25,19.158013,77.316479,Workshop Corner,1599,1,8.0
ORD0851,CUST0156,2026-09-05,19.122254,77.267511,Vishnupuri,1299,6,3.5
ORD0852,CUST0331,2026-08-29,19.182837,77.310323,Anand Nagar,799,3,2.7
ORD0853,CUST0703,2026-08-24,19.135736,77.289826,Old Nanded,1299,6,6.4
ORD0854,CUST0402,2026-08-13,19.164742,77.303052,Workshop Corner,799,5,2.6
ORD0855,CUST0627,2026-08-12,19.161642,77.277926,Taroda Naka,1299,6,1.7
ORD0856,CUST0371,2026-09-05,19.176813,77.31604,Anand Nagar,799,1,4.3
ORD0857,CUST0439,2026-08-01,19.18392,77.324021,Anand Nagar,1299,5,7.4
ORD0858,CUST0712,2026-08-21,19.155145,77.30021,Taroda Naka,799,2,1.5
ORD0859,CUST0603,2026-08-20,19.177038,77.321123,Anand Nagar,799,6,5.7
ORD0860,CUST0639,2026-08-21,19.132422,77.301647,CIDCO Nanded,4999,5,3.8
ORD0861,CUST0264,2026-09-02,19.182394,77.308898,Anand Nagar,499,2,5.0
ORD0862,CUST0327,2026-08-23,19.182136,77.288866,Taroda Naka,1599,5,4.1
ORD0863,CUST0401,2026-08-24,19.128384,77.293634,Old Nanded,799,6,3.6
ORD0864,CUST0110,2026-09-05,19.172058,77.310047,Anand Nagar,1299,5,5.1
ORD0865,CUST0141,2026-08-16,19.170938,77.305953,Anand Nagar,1299,3,4.5
ORD0866,CUST0496,2026-08-08,19.155701,77.313167,Workshop Corner,499,3,4.0
ORD0867,CUST0484,2026-09-03,19.161533,77.292283,Taroda Naka,1299,6,3.3
ORD0868,CUST0404,2026-08-03,19.166989,77.319982,Workshop Corner,799,5,4.5
ORD0869,CUST0199,2026-08-06,19.152303,77.291666,Old Nanded,1599,2,3.5
ORD0870,CUST0316,2026-08-05,19.1631,77.329113,Anand Nagar,799,5,5.1
ORD0871,CUST0207,2026-08-28,19.163141,77.312172,Workshop Corner,2499,2,7.5
ORD0872,CUST0174,2026-08-28,19.179421,77.321322,Anand Nagar,1299,6,7.6
ORD0873,CUST0139,2026-08-22,19.14952,77.332865,CIDCO Nanded,799,2,1.4
ORD0874,CUST0672,2026-08-17,19.182525,77.31493,Anand Nagar,799,1,2.5
ORD0875,CUST0498,2026-08-27,19.188865,77.317254,Anand Nagar,799,2,7.9
ORD0876,CUST0499,2026-08-02,19.163146,77.299205,Taroda Naka,1299,4,4.4
ORD0877,CUST0700,2026-08-05,19.154812,77.308605,Workshop Corner,499,5,1.2
ORD0878,CUST0209,2026-09-02,19.185798,77.320276,Anand Nagar,799,1,3.8
ORD0879,CUST0389,2026-08-06,19.162632,77.278934,Taroda Naka,1599,6,3.4
ORD0880,CUST0586,2026-08-02,19.138174,77.319046,CIDCO Nanded,1299,4,4.0
ORD0881,CUST0659,2026-08-26,19.166493,77.326276,Anand Nagar,1599,2,2.2
ORD0882,CUST0112,2026-08-24,19.170592,77.300679,Taroda Naka,499,6,2.3
ORD0883,CUST0106,2026-08-03,19.14873,77.304476,Workshop Corner,799,5,2.2
ORD0884,CUST0413,2026-08-06,19.16864,77.307594,Workshop Corner,1299,4,5.1
ORD0885,CUST0317,2026-08-23,19.175039,77.320873,Anand Nagar,3999,6,7.8
ORD0886,CUST0265,2026-08-10,19.171079,77.299525,Taroda Naka,1599,6,7.4
ORD0887,CUST0218,2026-08-13,19.182911,77.326912,Anand Nagar,799,5,7.3
ORD0888,CUST0573,2026-09-05,19.199004,77.326176,Anand Nagar,1599,5,7.4
ORD0889,CUST0357,2026-08-05,19.148894,77.310304,Workshop Corner,799,1,3.3
ORD0890,CUST0466,2026-08-22,19.183846,77.327198,Anand Nagar,1299,6,5.4
ORD0891,CUST0735,2026-08-19,19.172568,77.301427,Anand Nagar,2499,6,2.9
ORD0892,CUST0437,2026-08-29,19.195284,77.325694,Anand Nagar,1299,2,3.5
ORD0893,CUST0680,2026-08-10,19.144291,77.315543,Workshop Corner,1599,3,6.3
ORD0894,CUST0105,2026-08-11,19.142077,77.293716,Workshop Corner,1299,3,8.2
ORD0895,CUST0384,2026-08-28,19.161504,77.303596,Taroda Naka,799,2,6.4
ORD0896,CUST0592,2026-08-22,19.130406,77.320045,CIDCO Nanded,1299,2,6.2
ORD0897,CUST0665,2026-09-01,19.162069,77.309436,Taroda Naka,1299,3,6.9
ORD0898,CUST0244,2026-08-18,19.173609,77.312092,Anand Nagar,499,6,5.6
ORD0899,CUST0178,2026-08-05,19.152113,77.30506,Old Nanded,1599,2,3.1
ORD0900,CUST0693,2026-09-07,19.138751,77.30497,Old Nanded,799,5,5.8
ORD0901,CUST0665,2026-08-03,19.156148,77.286746,Taroda Naka,1299,5,2.8
ORD0902,CUST0475,2026-08-10,19.145552,77.300328,Taroda Naka,799,5,4.6
ORD0903,CUST0238,2026-08-19,19.171819,77.300473,Taroda Naka,799,5,6.6
ORD0904,CUST0615,2026-08-24,19.155545,77.281366,Taroda Naka,1299,5,1.9
ORD0905,CUST0627,2026-08-11,19.179242,77.307783,Anand Nagar,1299,2,7.4
ORD0906,CUST0250,2026-09-06,19.165192,77.318172,Anand Nagar,2499,2,2.5
ORD0907,CUST0325,2026-08-03,19.14814,77.32531,CIDCO Nanded,2499,4,8.1
ORD0908,CUST0340,2026-08-24,19.133717,77.3375,CIDCO Nanded,1299,2,1.7
ORD0909,CUST0498,2026-08-24,19.187684,77.306883,Anand Nagar,499,2,5.0
ORD0910,CUST0432,2026-08-03,19.15663,77.302438,Taroda Naka,499,4,7.6
ORD0911,CUST0370,2026-08-18,19.19371,77.329021,Anand Nagar,1299,5,5.8
ORD0912,CUST0475,2026-08-25,19.152752,77.3134,Workshop Corner,799,5,2.5
ORD0913,CUST0329,2026-08-25,19.153264,77.307532,Workshop Corner,1299,1,5.0
ORD0914,CUST0599,2026-08-23,19.143659,77.314799,Workshop Corner,499,3,7.2
ORD0915,CUST0551,2026-08-09,19.122846,77.313787,CIDCO Nanded,799,5,1.2
ORD0916,CUST0317,2026-08-18,19.183351,77.32334,Anand Nagar,1299,1,5.0
ORD0917,CUST0336,2026-08-08,19.162968,77.295441,Anand Nagar,1299,2,3.8
ORD0918,CUST0591,2026-08-31,19.177859,77.305552,Taroda Naka,499,3,6.5
ORD0919,CUST0123,2026-08-27,19.140643,77.295034,Taroda Naka,2499,5,2.4
ORD0920,CUST0238,2026-08-11,19.188587,77.34463,Anand Nagar,499,2,5.4
ORD0921,CUST0158,2026-08-10,19.147597,77.312043,Workshop Corner,799,1,7.7
ORD0922,CUST0714,2026-08-26,19.187202,77.308327,Anand Nagar,799,2,5.0
ORD0923,CUST0188,2026-08-19,19.124877,77.284481,Vishnupuri,799,6,1.3
ORD0924,CUST0275,2026-08-31,19.149783,77.321115,Anand Nagar,499,5,8.4
ORD0925,CUST0287,2026-09-07,19.21345,77.304656,Anand Nagar,1299,4,5.6
ORD0926,CUST0565,2026-08-22,19.146229,77.316706,Workshop Corner,499,5,3.1
ORD0927,CUST0236,2026-08-25,19.157245,77.324069,Workshop Corner,1599,1,2.9
ORD0928,CUST0530,2026-09-02,19.186337,77.32206,Anand Nagar,1299,2,5.0
ORD0929,CUST0730,2026-08-31,19.150061,77.313118,CIDCO Nanded,1299,5,1.9
ORD0930,CUST0196,2026-08-08,19.15767,77.307619,Workshop Corner,2499,5,4.9
ORD0931,CUST0102,2026-09-04,19.159,77.294365,Taroda Naka,799,2,7.8
ORD0932,CUST0531,2026-09-03,19.142519,77.310466,Old Nanded,1299,6,5.9
ORD0933,CUST0335,2026-08-28,19.160933,77.297113,Taroda Naka,799,1,6.3
ORD0934,CUST0459,2026-08-25,19.142347,77.314116,Old Nanded,4999,4,7.0
ORD0935,CUST0201,2026-09-06,19.139988,77.314958,Workshop Corner,799,6,7.8
ORD0936,CUST0186,2026-08-15,19.154457,77.280291,Taroda Naka,499,3,4.7
ORD0937,CUST0106,2026-08-13,19.160953,77.272944,Taroda Naka,1599,5,4.2
ORD0938,CUST0633,2026-08-08,19.152183,77.330648,CIDCO Nanded,499,1,5.4
ORD0939,CUST0519,2026-08-21,19.189818,77.304348,Anand Nagar,1299,6,2.7
ORD0940,CUST0360,2026-09-07,19.169685,77.31013,Taroda Naka,499,2,4.3
ORD0941,CUST0727,2026-08-24,19.171573,77.309558,Taroda Naka,1599,5,4.3
ORD0942,CUST0524,2026-08-14,19.174511,77.301241,Taroda Naka,1299,6,4.1
ORD0943,CUST0673,2026-08-24,19.158278,77.303111,Workshop Corner,1299,5,4.7
ORD0944,CUST0453,2026-09-06,19.149235,77.314231,Workshop Corner,499,3,8.4
ORD0945,CUST0336,2026-08-08,19.141262,77.325095,CIDCO Nanded,2499,4,6.6
ORD0946,CUST0320,2026-08-07,19.172414,77.309417,Taroda Naka,1299,6,8.1
ORD0947,CUST0265,2026-08-04,19.156525,77.31753,Workshop Corner,1299,3,7.0
ORD0948,CUST0249,2026-08-06,19.166076,77.282829,Taroda Naka,1599,6,1.2
ORD0949,CUST0370,2026-08-05,19.158524,77.288479,Taroda Naka,799,5,4.4
ORD0950,CUST0511,2026-08-25,19.172903,77.309751,Anand Nagar,799,1,5.6
ORD0951,CUST0159,2026-09-08,19.155125,77.317218,Workshop Corner,499,5,3.3
ORD0952,CUST0111,2026-08-29,19.147,77.297686,Old Nanded,799,2,5.9
ORD0953,CUST0393,2026-09-03,19.18813,77.330367,Anand Nagar,1599,6,8.0
ORD0954,CUST0730,2026-08-15,19.193119,77.304817,Anand Nagar,799,5,4.9
ORD0955,CUST0262,2026-08-01,19.184062,77.324639,Anand Nagar,799,1,3.8
ORD0956,CUST0505,2026-08-23,19.172191,77.310685,Anand Nagar,1299,3,6.9
ORD0957,CUST0193,2026-08-05,19.171632,77.281329,Taroda Naka,799,2,5.0
ORD0958,CUST0457,2026-09-07,19.163356,77.314297,Workshop Corner,1599,6,7.3
ORD0959,CUST0566,2026-08-13,19.160032,77.30082,Taroda Naka,499,3,2.9
ORD0960,CUST0517,2026-08-12,19.136455,77.314913,Old Nanded,799,5,1.2
ORD0961,CUST0449,2026-08-19,19.157797,77.297482,Workshop Corner,499,5,1.7
ORD0962,CUST0689,2026-09-04,19.133882,77.312482,Old Nanded,2499,5,8.2
ORD0963,CUST0596,2026-09-06,19.163706,77.302319,Taroda Naka,2499,4,8.3
ORD0964,CUST0572,2026-08-30,19.132839,77.327091,CIDCO Nanded,1299,3,8.2
ORD0965,CUST0170,2026-08-17,19.151811,77.307512,Old Nanded,2499,1,4.7
ORD0966,CUST0424,2026-08-15,19.166027,77.289962,Taroda Naka,499,2,6.1
ORD0967,CUST0370,2026-08-01,19.166607,77.293655,Taroda Naka,1599,3,5.0
ORD0968,CUST0178,2026-08-22,19.160256,77.325686,Anand Nagar,1299,1,4.1
ORD0969,CUST0324,2026-08-23,19.159977,77.320631,Workshop Corner,1599,2,4.7
ORD0970,CUST0611,2026-08-13,19.154643,77.32018,Old Nanded,1299,3,2.5
ORD0971,CUST0312,2026-08-17,19.140742,77.331496,CIDCO Nanded,1299,2,6.6
ORD0972,CUST0260,2026-08-23,19.203225,77.312094,Anand Nagar,799,2,7.3
ORD0973,CUST0729,2026-09-01,19.143499,77.304608,CIDCO Nanded,2499,1,7.9
ORD0974,CUST0481,2026-08-31,19.179522,77.324726,Anand Nagar,1299,5,8.2
ORD0975,CUST0382,2026-09-06,19.160004,77.317082,Workshop Corner,1299,4,7.8
ORD0976,CUST0691,2026-08-15,19.166339,77.288469,Taroda Naka,1299,5,3.2
ORD0977,CUST0654,2026-08-31,19.169293,77.33578,Anand Nagar,2499,5,7.0
ORD0978,CUST0569,2026-08-12,19.182017,77.302679,Anand Nagar,1299,3,4.1
ORD0979,CUST0109,2026-08-21,19.127172,77.308122,Vishnupuri,799,6,5.0
ORD0980,CUST0434,2026-08-07,19.186849,77.305736,Anand Nagar,1299,2,4.0
ORD0981,CUST0343,2026-08-17,19.172629,77.286202,Taroda Naka,1299,3,2.6
ORD0982,CUST0611,2026-08-12,19.176526,77.299737,Taroda Naka,499,5,3.7
ORD0983,CUST0474,2026-08-24,19.182542,77.30354,Taroda Naka,1599,4,6.3
ORD0984,CUST0235,2026-09-06,19.136178,77.329558,Old Nanded,799,3,4.5
ORD0985,CUST0377,2026-08-07,19.11562,77.270735,Vishnupuri,799,6,2.9
ORD0986,CUST0301,2026-08-25,19.139662,77.328418,CIDCO Nanded,1299,5,4.4
ORD0987,CUST0281,2026-08-01,19.17641,77.31619,Anand Nagar,499,6,2.3
ORD0988,CUST0647,2026-09-03,19.158926,77.29351,Taroda Naka,1299,2,8.5
ORD0989,CUST0682,2026-09-05,19.125563,77.32685,CIDCO Nanded,2499,4,3.4
ORD0990,CUST0321,2026-08-04,19.180002,77.320543,Anand Nagar,1599,1,6.2
ORD0991,CUST0561,2026-08-07,19.147849,77.313053,CIDCO Nanded,4999,4,7.3
ORD0992,CUST0671,2026-09-05,19.141175,77.320823,CIDCO Nanded,1299,3,3.8
ORD0993,CUST0225,2026-08-27,19.140352,77.300232,Old Nanded,3999,3,3.7
ORD0994,CUST0691,2026-08-13,19.170431,77.298085,Taroda Naka,2499,6,8.2
ORD0995,CUST0464,2026-08-19,19.153353,77.304027,Workshop Corner,499,6,5.1
ORD0996,CUST0181,2026-08-29,19.160404,77.287951,Taroda Naka,1299,5,4.8
ORD0997,CUST0272,2026-08-10,19.162088,77.292151,Taroda Naka,499,3,4.6
ORD0998,CUST0515,2026-09-06,19.141382,77.306297,Workshop Corner,1599,3,4.3
ORD0999,CUST0334,2026-08-22,19.124765,77.308538,CIDCO Nanded,799,1,1.8
ORD1000,CUST0720,2026-08-18,19.163185,77.289199,Taroda Naka,799,6,3.3
ORD0011,CUST0204,2026-08-15,19.150186,77.324818,Workshop Corner,499,3,8.4
