customer_id,latitude,longitude,orders,ward
CUST_0001,19.180251,77.299678,2,Ward 01 - Taroda (BK) North
CUST_0002,19.141739,77.319841,7,Ward 06 - CIDCO Sector 1-4
CUST_0003,19.156148,77.304087,8,Ward 05 - Station Road / Old Nanded
CUST_0004,19.140191,77.290827,8,Ward 05 - Station Road / Old Nanded
CUST_0005,19.185521,77.319142,2,Ward 02 - Anand Nagar Commercial
CUST_0006,19.184186,77.308305,2,Ward 01 - Taroda (BK) North
CUST_0007,19.148001,77.303082,8,Ward 03 - Taroda (KH) West
CUST_0008,19.158864,77.310775,4,Ward 04 - Workshop Junction / ITI
CUST_0009,19.185976,77.310788,6,Ward 02 - Anand Nagar Commercial
CUST_0010,19.192564,77.283539,6,Ward 07 - Vasmat Road / Hyderbagh
CUST_0011,19.148518,77.307223,2,Ward 05 - Station Road / Old Nanded
CUST_0012,19.133201,77.322403,2,Ward 04 - Workshop Junction / ITI
CUST_0013,19.168562,77.277008,5,Ward 03 - Taroda (KH) West
CUST_0014,19.176748,77.346568,3,Ward 02 - Anand Nagar Commercial
CUST_0015,19.135134,77.302912,5,Ward 06 - CIDCO Sector 1-4
CUST_0016,19.183186,77.319239,6,Ward 01 - Taroda (BK) North
CUST_0017,19.174417,77.316574,7,Ward 02 - Anand Nagar Commercial
CUST_0018,19.197992,77.324171,8,Ward 01 - Taroda (BK) North
CUST_0019,19.13793,77.319171,7,Ward 06 - CIDCO Sector 1-4
CUST_0020,19.169464,77.289666,8,Ward 03 - Taroda (KH) West
CUST_0021,19.179909,77.323229,5,Ward 02 - Anand Nagar Commercial
CUST_0022,19.156337,77.293835,8,Ward 05 - Station Road / Old Nanded
CUST_0023,19.1774,77.310728,1,Ward 03 - Taroda (KH) West
CUST_0024,19.159431,77.29586,3,Ward 03 - Taroda (KH) West
CUST_0025,19.147763,77.300865,2,Ward 05 - Station Road / Old Nanded
CUST_0026,19.151174,77.301002,7,Ward 04 - Workshop Junction / ITI
CUST_0027,19.145879,77.299742,8,Ward 03 - Taroda (KH) West
CUST_0028,19.09873,77.326117,2,Ward 06 - CIDCO Sector 1-4
CUST_0029,19.162319,77.300737,8,Ward 04 - Workshop Junction / ITI
CUST_0030,19.159503,77.314721,5,Ward 04 - Workshop Junction / ITI
CUST_0031,19.175162,77.289555,5,Ward 03 - Taroda (KH) West
CUST_0032,19.171503,77.296025,8,Ward 03 - Taroda (KH) West
CUST_0033,19.140347,77.298314,7,Ward 05 - Station Road / Old Nanded
CUST_0034,19.174493,77.288598,5,Ward 03 - Taroda (KH) West
CUST_0035,19.149154,77.302663,1,Ward 05 - Station Road / Old Nanded
CUST_0036,19.182423,77.316261,8,Ward 01 - Taroda (BK) North
CUST_0037,19.148388,77.302507,8,Ward 05 - Station Road / Old Nanded
CUST_0038,19.181649,77.32823,4,Ward 02 - Anand Nagar Commercial
CUST_0039,19.178525,77.323937,8,Ward 02 - Anand Nagar Commercial
CUST_0040,19.166112,77.298157,8,Ward 03 - Taroda (KH) West
CUST_0041,19.145217,77.307059,1,Ward 05 - Station Road / Old Nanded
CUST_0042,19.153823,77.292296,6,Ward 05 - Station Road / Old Nanded
CUST_0043,19.182065,77.305927,2,Ward 03 - Taroda (KH) West
CUST_0044,19.160288,77.318034,5,Ward 03 - Taroda (KH) West
CUST_0045,19.17041,77.299314,3,Ward 03 - Taroda (KH) West
CUST_0046,19.188942,77.279287,8,Ward 07 - Vasmat Road / Hyderbagh
CUST_0047,19.124772,77.316134,5,Ward 06 - CIDCO Sector 1-4
CUST_0048,19.140156,77.324782,6,Ward 06 - CIDCO Sector 1-4
CUST_0049,19.192806,77.333747,7,Ward 01 - Taroda (BK) North
CUST_0050,19.17651,77.301702,1,Ward 01 - Taroda (BK) North
CUST_0051,19.188522,77.314756,8,Ward 01 - Taroda (BK) North
CUST_0052,19.167308,77.280376,2,Ward 03 - Taroda (KH) West
CUST_0053,19.1604,77.314259,4,Ward 04 - Workshop Junction / ITI
CUST_0054,19.177455,77.346478,1,Ward 02 - Anand Nagar Commercial
CUST_0055,19.137712,77.309166,5,Ward 05 - Station Road / Old Nanded
CUST_0056,19.150391,77.302165,6,Ward 04 - Workshop Junction / ITI
CUST_0057,19.172138,77.32637,6,Ward 01 - Taroda (BK) North
CUST_0058,19.150153,77.30514,8,Ward 04 - Workshop Junction / ITI
CUST_0059,19.151783,77.312445,3,Ward 04 - Workshop Junction / ITI
CUST_0060,19.179804,77.297592,8,Ward 03 - Taroda (KH) West
CUST_0061,19.180892,77.307909,5,Ward 03 - Taroda (KH) West
CUST_0062,19.180764,77.319117,3,Ward 01 - Taroda (BK) North
CUST_0063,19.149331,77.329643,5,Ward 06 - CIDCO Sector 1-4
CUST_0064,19.169819,77.310404,7,Ward 03 - Taroda (KH) West
CUST_0065,19.144891,77.301052,4,Ward 05 - Station Road / Old Nanded
CUST_0066,19.184002,77.321296,2,Ward 02 - Anand Nagar Commercial
CUST_0067,19.171796,77.332639,2,Ward 02 - Anand Nagar Commercial
CUST_0068,19.186435,77.326803,6,Ward 01 - Taroda (BK) North
CUST_0069,19.165364,77.300194,1,Ward 04 - Workshop Junction / ITI
CUST_0070,19.192419,77.311039,8,Ward 01 - Taroda (BK) North
CUST_0071,19.183462,77.328738,5,Ward 02 - Anand Nagar Commercial
CUST_0072,19.162151,77.285584,2,Ward 03 - Taroda (KH) West
CUST_0073,19.16935,77.292198,8,Ward 03 - Taroda (KH) West
CUST_0074,19.164196,77.29862,3,Ward 03 - Taroda (KH) West
CUST_0075,19.184751,77.321714,4,Ward 01 - Taroda (BK) North
CUST_0076,19.17567,77.28847,6,Ward 03 - Taroda (KH) West
CUST_0077,19.164067,77.29832,4,Ward 03 - Taroda (KH) West
CUST_0078,19.157889,77.311336,2,Ward 04 - Workshop Junction / ITI
CUST_0079,19.183635,77.310277,1,Ward 03 - Taroda (KH) West
CUST_0080,19.168362,77.316801,3,Ward 01 - Taroda (BK) North
CUST_0081,19.183802,77.305563,1,Ward 01 - Taroda (BK) North
CUST_0082,19.153242,77.273203,4,Ward 03 - Taroda (KH) West
CUST_0083,19.166068,77.290265,1,Ward 03 - Taroda (KH) West
CUST_0084,19.188207,77.312519,4,Ward 01 - Taroda (BK) North
CUST_0085,19.151669,77.310183,3,Ward 05 - Station Road / Old Nanded
CUST_0086,19.177966,77.30952,3,Ward 01 - Taroda (BK) North
CUST_0087,19.19213,77.314784,7,Ward 02 - Anand Nagar Commercial
CUST_0088,19.185342,77.314885,2,Ward 03 - Taroda (KH) West
CUST_0089,19.177348,77.323345,3,Ward 02 - Anand Nagar Commercial
CUST_0090,19.183992,77.311251,5,Ward 02 - Anand Nagar Commercial
CUST_0091,19.188821,77.27326,7,Ward 03 - Taroda (KH) West
CUST_0092,19.179923,77.319135,3,Ward 02 - Anand Nagar Commercial
CUST_0093,19.198281,77.323123,8,Ward 02 - Anand Nagar Commercial
CUST_0094,19.154002,77.299611,5,Ward 03 - Taroda (KH) West
CUST_0095,19.148412,77.311273,4,Ward 05 - Station Road / Old Nanded
CUST_0096,19.164667,77.33119,2,Ward 02 - Anand Nagar Commercial
CUST_0097,19.151298,77.312511,6,Ward 06 - CIDCO Sector 1-4
CUST_0098,19.171939,77.316411,3,Ward 02 - Anand Nagar Commercial
CUST_0099,19.180367,77.299652,6,Ward 07 - Vasmat Road / Hyderbagh
CUST_0100,19.142815,77.308329,6,Ward 05 - Station Road / Old Nanded
CUST_0101,19.181062,77.291116,4,Ward 03 - Taroda (KH) West
CUST_0102,19.198195,77.310722,5,Ward 01 - Taroda (BK) North
CUST_0103,19.164573,77.29279,4,Ward 03 - Taroda (KH) West
CUST_0104,19.171066,77.273482,5,Ward 03 - Taroda (KH) West
CUST_0105,19.146592,77.290289,3,Ward 04 - Workshop Junction / ITI
CUST_0106,19.192011,77.328926,5,Ward 01 - Taroda (BK) North
CUST_0107,19.201059,77.293417,7,Ward 01 - Taroda (BK) North
CUST_0108,19.185581,77.301972,1,Ward 01 - Taroda (BK) North
CUST_0109,19.136536,77.297985,3,Ward 05 - Station Road / Old Nanded
CUST_0110,19.144591,77.325359,2,Ward 04 - Workshop Junction / ITI
CUST_0111,19.153169,77.284047,5,Ward 03 - Taroda (KH) West
CUST_0112,19.166188,77.294455,2,Ward 03 - Taroda (KH) West
CUST_0113,19.180154,77.311188,6,Ward 02 - Anand Nagar Commercial
CUST_0114,19.18754,77.317889,5,Ward 01 - Taroda (BK) North
CUST_0115,19.192654,77.312926,7,Ward 01 - Taroda (BK) North
CUST_0116,19.149295,77.302615,5,Ward 06 - CIDCO Sector 1-4
CUST_0117,19.191677,77.329575,1,Ward 02 - Anand Nagar Commercial
CUST_0118,19.188463,77.320018,4,Ward 01 - Taroda (BK) North
CUST_0119,19.195623,77.324264,2,Ward 01 - Taroda (BK) North
CUST_0120,19.173412,77.327101,6,Ward 01 - Taroda (BK) North
CUST_0121,19.181917,77.332411,8,Ward 02 - Anand Nagar Commercial
CUST_0122,19.158154,77.301074,1,Ward 04 - Workshop Junction / ITI
CUST_0123,19.124805,77.325087,6,Ward 06 - CIDCO Sector 1-4
CUST_0124,19.163671,77.297025,8,Ward 04 - Workshop Junction / ITI
CUST_0125,19.164507,77.304521,2,Ward 03 - Taroda (KH) West
CUST_0126,19.152041,77.323228,5,Ward 04 - Workshop Junction / ITI
CUST_0127,19.185994,77.332921,6,Ward 02 - Anand Nagar Commercial
CUST_0128,19.177457,77.335053,7,Ward 01 - Taroda (BK) North
CUST_0129,19.147201,77.324767,5,Ward 06 - CIDCO Sector 1-4
CUST_0130,19.161385,77.311566,5,Ward 04 - Workshop Junction / ITI
CUST_0131,19.166353,77.308602,2,Ward 04 - Workshop Junction / ITI
CUST_0132,19.17816,77.32084,7,Ward 02 - Anand Nagar Commercial
CUST_0133,19.182544,77.323145,1,Ward 02 - Anand Nagar Commercial
CUST_0134,19.150047,77.305604,6,Ward 03 - Taroda (KH) West
CUST_0135,19.175196,77.310227,1,Ward 01 - Taroda (BK) North
CUST_0136,19.152558,77.315554,2,Ward 04 - Workshop Junction / ITI
CUST_0137,19.162301,77.30018,2,Ward 01 - Taroda (BK) North
CUST_0138,19.211952,77.330037,3,Ward 01 - Taroda (BK) North
CUST_0139,19.185749,77.291731,5,Ward 03 - Taroda (KH) West
CUST_0140,19.199064,77.313171,3,Ward 01 - Taroda (BK) North
CUST_0141,19.176377,77.305945,7,Ward 02 - Anand Nagar Commercial
CUST_0142,19.17959,77.319897,7,Ward 02 - Anand Nagar Commercial
CUST_0143,19.137474,77.301568,3,Ward 04 - Workshop Junction / ITI
CUST_0144,19.182123,77.302673,1,Ward 01 - Taroda (BK) North
CUST_0145,19.161274,77.306655,7,Ward 04 - Workshop Junction / ITI
CUST_0146,19.142078,77.334646,3,Ward 06 - CIDCO Sector 1-4
CUST_0147,19.183638,77.309963,1,Ward 02 - Anand Nagar Commercial
CUST_0148,19.186501,77.317062,8,Ward 02 - Anand Nagar Commercial
CUST_0149,19.165376,77.320387,6,Ward 02 - Anand Nagar Commercial
CUST_0150,19.19044,77.319796,2,Ward 01 - Taroda (BK) North
CUST_0151,19.134813,77.302373,1,Ward 05 - Station Road / Old Nanded
CUST_0152,19.163319,77.303879,5,Ward 04 - Workshop Junction / ITI
CUST_0153,19.180413,77.322944,6,Ward 02 - Anand Nagar Commercial
CUST_0154,19.187332,77.327758,1,Ward 01 - Taroda (BK) North
CUST_0155,19.156434,77.298956,4,Ward 04 - Workshop Junction / ITI
CUST_0156,19.157821,77.296724,4,Ward 03 - Taroda (KH) West
CUST_0157,19.139249,77.309329,3,Ward 04 - Workshop Junction / ITI
CUST_0158,19.139528,77.326443,7,Ward 06 - CIDCO Sector 1-4
CUST_0159,19.152041,77.309882,6,Ward 04 - Workshop Junction / ITI
CUST_0160,19.15514,77.277501,4,Ward 07 - Vasmat Road / Hyderbagh
CUST_0161,19.177932,77.288619,5,Ward 03 - Taroda (KH) West
CUST_0162,19.183409,77.332481,4,Ward 02 - Anand Nagar Commercial
CUST_0163,19.195208,77.335512,8,Ward 02 - Anand Nagar Commercial
CUST_0164,19.150309,77.297016,8,Ward 04 - Workshop Junction / ITI
CUST_0165,19.134762,77.314674,5,Ward 06 - CIDCO Sector 1-4
CUST_0166,19.184539,77.312354,7,Ward 01 - Taroda (BK) North
CUST_0167,19.183839,77.29494,1,Ward 01 - Taroda (BK) North
CUST_0168,19.170006,77.314951,7,Ward 07 - Vasmat Road / Hyderbagh
CUST_0169,19.15879,77.306457,3,Ward 05 - Station Road / Old Nanded
CUST_0170,19.193245,77.306712,6,Ward 01 - Taroda (BK) North
CUST_0171,19.16364,77.316786,5,Ward 03 - Taroda (KH) West
CUST_0172,19.188971,77.329697,2,Ward 01 - Taroda (BK) North
CUST_0173,19.16689,77.296557,1,Ward 07 - Vasmat Road / Hyderbagh
CUST_0174,19.176339,77.301043,5,Ward 03 - Taroda (KH) West
CUST_0175,19.157706,77.291995,7,Ward 03 - Taroda (KH) West
CUST_0176,19.200017,77.322128,3,Ward 02 - Anand Nagar Commercial
CUST_0177,19.182798,77.286884,2,Ward 07 - Vasmat Road / Hyderbagh
CUST_0178,19.171917,77.306263,7,Ward 01 - Taroda (BK) North
CUST_0179,19.166568,77.305652,5,Ward 02 - Anand Nagar Commercial
CUST_0180,19.177266,77.31543,4,Ward 02 - Anand Nagar Commercial
CUST_0181,19.169786,77.306417,5,Ward 01 - Taroda (BK) North
CUST_0182,19.174797,77.326672,5,Ward 02 - Anand Nagar Commercial
CUST_0183,19.184898,77.323314,7,Ward 02 - Anand Nagar Commercial
CUST_0184,19.19641,77.315966,1,Ward 01 - Taroda (BK) North
CUST_0185,19.147867,77.295006,8,Ward 05 - Station Road / Old Nanded
CUST_0186,19.129777,77.319384,6,Ward 06 - CIDCO Sector 1-4
CUST_0187,19.143328,77.314582,3,Ward 05 - Station Road / Old Nanded
CUST_0188,19.159834,77.314652,1,Ward 04 - Workshop Junction / ITI
CUST_0189,19.183497,77.319598,3,Ward 01 - Taroda (BK) North
CUST_0190,19.202149,77.307739,2,Ward 01 - Taroda (BK) North
CUST_0191,19.180602,77.279352,1,Ward 03 - Taroda (KH) West
CUST_0192,19.150179,77.309268,2,Ward 05 - Station Road / Old Nanded
CUST_0193,19.189181,77.330731,4,Ward 02 - Anand Nagar Commercial
CUST_0194,19.153698,77.290806,4,Ward 03 - Taroda (KH) West
CUST_0195,19.203148,77.327024,6,Ward 01 - Taroda (BK) North
CUST_0196,19.162064,77.286867,2,Ward 03 - Taroda (KH) West
CUST_0197,19.184417,77.321172,5,Ward 02 - Anand Nagar Commercial
CUST_0198,19.153674,77.303353,6,Ward 04 - Workshop Junction / ITI
CUST_0199,19.171078,77.302619,8,Ward 03 - Taroda (KH) West
CUST_0200,19.185294,77.322999,4,Ward 01 - Taroda (BK) North
CUST_0201,19.146211,77.320894,8,Ward 05 - Station Road / Old Nanded
CUST_0202,19.146275,77.336962,6,Ward 06 - CIDCO Sector 1-4
CUST_0203,19.167111,77.308043,2,Ward 01 - Taroda (BK) North
CUST_0204,19.144927,77.296392,5,Ward 05 - Station Road / Old Nanded
CUST_0205,19.16075,77.318859,4,Ward 02 - Anand Nagar Commercial
CUST_0206,19.202862,77.320127,7,Ward 01 - Taroda (BK) North
CUST_0207,19.173477,77.304298,6,Ward 03 - Taroda (KH) West
CUST_0208,19.178277,77.332583,8,Ward 02 - Anand Nagar Commercial
CUST_0209,19.181041,77.328264,3,Ward 02 - Anand Nagar Commercial
CUST_0210,19.174228,77.315907,8,Ward 01 - Taroda (BK) North
CUST_0211,19.18376,77.315469,6,Ward 02 - Anand Nagar Commercial
CUST_0212,19.138589,77.290748,6,Ward 05 - Station Road / Old Nanded
CUST_0213,19.183839,77.32415,7,Ward 02 - Anand Nagar Commercial
CUST_0214,19.195041,77.321326,8,Ward 01 - Taroda (BK) North
CUST_0215,19.170685,77.311618,3,Ward 04 - Workshop Junction / ITI
CUST_0216,19.176717,77.297687,6,Ward 03 - Taroda (KH) West
CUST_0217,19.147075,77.29887,6,Ward 05 - Station Road / Old Nanded
CUST_0218,19.185808,77.322759,8,Ward 02 - Anand Nagar Commercial
CUST_0219,19.170829,77.323647,5,Ward 02 - Anand Nagar Commercial
CUST_0220,19.170448,77.323818,3,Ward 02 - Anand Nagar Commercial
CUST_0221,19.179079,77.301354,2,Ward 03 - Taroda (KH) West
CUST_0222,19.16801,77.308828,8,Ward 02 - Anand Nagar Commercial
CUST_0223,19.135665,77.306109,7,Ward 04 - Workshop Junction / ITI
CUST_0224,19.18471,77.294847,6,Ward 01 - Taroda (BK) North
CUST_0225,19.149858,77.294822,6,Ward 04 - Workshop Junction / ITI
CUST_0226,19.177822,77.327679,8,Ward 01 - Taroda (BK) North
CUST_0227,19.13964,77.339217,4,Ward 06 - CIDCO Sector 1-4
CUST_0228,19.174841,77.289411,6,Ward 03 - Taroda (KH) West
CUST_0229,19.202268,77.324721,7,Ward 01 - Taroda (BK) North
CUST_0230,19.141181,77.306176,1,Ward 04 - Workshop Junction / ITI
CUST_0231,19.17329,77.320015,5,Ward 02 - Anand Nagar Commercial
CUST_0232,19.188449,77.327359,7,Ward 01 - Taroda (BK) North
CUST_0233,19.147852,77.299935,8,Ward 05 - Station Road / Old Nanded
CUST_0234,19.148739,77.316479,8,Ward 06 - CIDCO Sector 1-4
CUST_0235,19.185696,77.320138,1,Ward 02 - Anand Nagar Commercial
CUST_0236,19.154849,77.302599,2,Ward 05 - Station Road / Old Nanded
CUST_0237,19.150584,77.298894,5,Ward 04 - Workshop Junction / ITI
CUST_0238,19.181141,77.317576,4,Ward 02 - Anand Nagar Commercial
CUST_0239,19.155503,77.306417,5,Ward 05 - Station Road / Old Nanded
CUST_0240,19.157103,77.306516,6,Ward 04 - Workshop Junction / ITI
CUST_0241,19.191715,77.304221,4,Ward 01 - Taroda (BK) North
CUST_0242,19.147908,77.281447,1,Ward 03 - Taroda (KH) West
CUST_0243,19.166145,77.317715,3,Ward 07 - Vasmat Road / Hyderbagh
CUST_0244,19.189746,77.323404,4,Ward 02 - Anand Nagar Commercial
CUST_0245,19.134483,77.316566,4,Ward 06 - CIDCO Sector 1-4
CUST_0246,19.154663,77.307356,3,Ward 04 - Workshop Junction / ITI
CUST_0247,19.166148,77.295668,2,Ward 04 - Workshop Junction / ITI
CUST_0248,19.179149,77.290041,3,Ward 03 - Taroda (KH) West
CUST_0249,19.171782,77.30801,5,Ward 01 - Taroda (BK) North
CUST_0250,19.136373,77.336022,1,Ward 06 - CIDCO Sector 1-4
CUST_0251,19.177272,77.331517,4,Ward 01 - Taroda (BK) North
CUST_0252,19.156574,77.308222,8,Ward 07 - Vasmat Road / Hyderbagh
CUST_0253,19.152643,77.327264,6,Ward 04 - Workshop Junction / ITI
CUST_0254,19.187401,77.31984,6,Ward 02 - Anand Nagar Commercial
CUST_0255,19.169008,77.310359,5,Ward 04 - Workshop Junction / ITI
CUST_0256,19.156562,77.291031,6,Ward 03 - Taroda (KH) West
CUST_0257,19.136449,77.293283,1,Ward 05 - Station Road / Old Nanded
CUST_0258,19.162752,77.311064,3,Ward 04 - Workshop Junction / ITI
CUST_0259,19.176256,77.32033,6,Ward 01 - Taroda (BK) North
CUST_0260,19.173072,77.324504,8,Ward 02 - Anand Nagar Commercial
CUST_0261,19.188068,77.325131,5,Ward 01 - Taroda (BK) North
CUST_0262,19.1421,77.298969,7,Ward 03 - Taroda (KH) West
CUST_0263,19.19287,77.334213,1,Ward 02 - Anand Nagar Commercial
CUST_0264,19.152016,77.302122,2,Ward 05 - Station Road / Old Nanded
CUST_0265,19.154228,77.29322,5,Ward 04 - Workshop Junction / ITI
CUST_0266,19.153913,77.28329,2,Ward 07 - Vasmat Road / Hyderbagh
CUST_0267,19.120877,77.298397,6,Ward 06 - CIDCO Sector 1-4
CUST_0268,19.160687,77.277686,6,Ward 03 - Taroda (KH) West
CUST_0269,19.178659,77.307563,2,Ward 02 - Anand Nagar Commercial
CUST_0270,19.168662,77.278015,3,Ward 07 - Vasmat Road / Hyderbagh
CUST_0271,19.139673,77.300129,7,Ward 05 - Station Road / Old Nanded
CUST_0272,19.151002,77.31061,4,Ward 04 - Workshop Junction / ITI
CUST_0273,19.182466,77.312845,4,Ward 01 - Taroda (BK) North
CUST_0274,19.178764,77.306587,3,Ward 01 - Taroda (BK) North
CUST_0275,19.171288,77.289518,5,Ward 03 - Taroda (KH) West
CUST_0276,19.129917,77.299798,8,Ward 05 - Station Road / Old Nanded
CUST_0277,19.180919,77.324162,6,Ward 01 - Taroda (BK) North
CUST_0278,19.193571,77.344373,7,Ward 02 - Anand Nagar Commercial
CUST_0279,19.162178,77.30156,4,Ward 03 - Taroda (KH) West
CUST_0280,19.193111,77.295044,3,Ward 01 - Taroda (BK) North
CUST_0281,19.138957,77.292197,3,Ward 04 - Workshop Junction / ITI
CUST_0282,19.146439,77.297252,1,Ward 05 - Station Road / Old Nanded
CUST_0283,19.154971,77.299032,1,Ward 05 - Station Road / Old Nanded
CUST_0284,19.192499,77.327601,5,Ward 02 - Anand Nagar Commercial
CUST_0285,19.16376,77.292393,3,Ward 06 - CIDCO Sector 1-4
CUST_0286,19.195397,77.310777,6,Ward 01 - Taroda (BK) North
CUST_0287,19.188851,77.321734,3,Ward 01 - Taroda (BK) North
CUST_0288,19.177701,77.30325,1,Ward 01 - Taroda (BK) North
CUST_0289,19.156608,77.305332,3,Ward 05 - Station Road / Old Nanded
CUST_0290,19.190084,77.335373,8,Ward 02 - Anand Nagar Commercial
CUST_0291,19.170838,77.324547,1,Ward 06 - CIDCO Sector 1-4
CUST_0292,19.173308,77.32432,6,Ward 02 - Anand Nagar Commercial
CUST_0293,19.152502,77.314645,2,Ward 06 - CIDCO Sector 1-4
CUST_0294,19.160739,77.273704,7,Ward 03 - Taroda (KH) West
CUST_0295,19.187542,77.314315,6,Ward 01 - Taroda (BK) North
CUST_0296,19.180882,77.323026,1,Ward 01 - Taroda (BK) North
CUST_0297,19.168898,77.299762,1,Ward 03 - Taroda (KH) West
CUST_0298,19.217585,77.328029,5,Ward 01 - Taroda (BK) North
CUST_0299,19.181664,77.323051,1,Ward 02 - Anand Nagar Commercial
CUST_0300,19.180231,77.31694,4,Ward 01 - Taroda (BK) North
CUST_0301,19.126486,77.321254,2,Ward 06 - CIDCO Sector 1-4
CUST_0302,19.150685,77.304696,7,Ward 03 - Taroda (KH) West
CUST_0303,19.205298,77.308058,3,Ward 01 - Taroda (BK) North
CUST_0304,19.170473,77.3119,8,Ward 02 - Anand Nagar Commercial
CUST_0305,19.191597,77.321879,3,Ward 01 - Taroda (BK) North
CUST_0306,19.17782,77.272934,7,Ward 03 - Taroda (KH) West
CUST_0307,19.166438,77.307256,8,Ward 04 - Workshop Junction / ITI
CUST_0308,19.151026,77.343187,4,Ward 06 - CIDCO Sector 1-4
CUST_0309,19.15985,77.295667,8,Ward 07 - Vasmat Road / Hyderbagh
CUST_0310,19.133399,77.316605,8,Ward 06 - CIDCO Sector 1-4
CUST_0311,19.2024,77.312553,4,Ward 01 - Taroda (BK) North
CUST_0312,19.162475,77.314532,2,Ward 04 - Workshop Junction / ITI
CUST_0313,19.155879,77.316788,6,Ward 05 - Station Road / Old Nanded
CUST_0314,19.160654,77.317513,3,Ward 04 - Workshop Junction / ITI
CUST_0315,19.204704,77.321522,4,Ward 01 - Taroda (BK) North
CUST_0316,19.146803,77.322119,4,Ward 04 - Workshop Junction / ITI
CUST_0317,19.141303,77.339853,7,Ward 06 - CIDCO Sector 1-4
CUST_0318,19.153696,77.332393,3,Ward 01 - Taroda (BK) North
CUST_0319,19.160532,77.309638,5,Ward 04 - Workshop Junction / ITI
CUST_0320,19.189391,77.333416,6,Ward 02 - Anand Nagar Commercial
CUST_0321,19.187972,77.330332,8,Ward 02 - Anand Nagar Commercial
CUST_0322,19.159496,77.282426,5,Ward 03 - Taroda (KH) West
CUST_0323,19.134117,77.311729,8,Ward 05 - Station Road / Old Nanded
CUST_0324,19.160899,77.281294,2,Ward 07 - Vasmat Road / Hyderbagh
CUST_0325,19.146697,77.307748,4,Ward 05 - Station Road / Old Nanded
CUST_0326,19.149129,77.289144,8,Ward 07 - Vasmat Road / Hyderbagh
CUST_0327,19.193715,77.316564,1,Ward 02 - Anand Nagar Commercial
CUST_0328,19.165645,77.331602,6,Ward 06 - CIDCO Sector 1-4
CUST_0329,19.143241,77.306268,2,Ward 05 - Station Road / Old Nanded
CUST_0330,19.16811,77.295223,6,Ward 03 - Taroda (KH) West
CUST_0331,19.165487,77.293272,2,Ward 03 - Taroda (KH) West
CUST_0332,19.147447,77.297308,5,Ward 05 - Station Road / Old Nanded
CUST_0333,19.181202,77.327699,1,Ward 01 - Taroda (BK) North
CUST_0334,19.183681,77.339638,8,Ward 01 - Taroda (BK) North
CUST_0335,19.176172,77.290953,7,Ward 03 - Taroda (KH) West
CUST_0336,19.14521,77.297649,8,Ward 05 - Station Road / Old Nanded
CUST_0337,19.158538,77.308795,1,Ward 04 - Workshop Junction / ITI
CUST_0338,19.184103,77.325744,6,Ward 01 - Taroda (BK) North
CUST_0339,19.17862,77.311835,2,Ward 01 - Taroda (BK) North
CUST_0340,19.174144,77.321469,3,Ward 02 - Anand Nagar Commercial
CUST_0341,19.167025,77.294509,5,Ward 03 - Taroda (KH) West
CUST_0342,19.194723,77.327803,1,Ward 01 - Taroda (BK) North
CUST_0343,19.164859,77.30009,2,Ward 04 - Workshop Junction / ITI
CUST_0344,19.149966,77.301813,2,Ward 05 - Station Road / Old Nanded
CUST_0345,19.1549,77.299068,6,Ward 04 - Workshop Junction / ITI
CUST_0346,19.170265,77.298572,5,Ward 04 - Workshop Junction / ITI
CUST_0347,19.160906,77.294834,4,Ward 07 - Vasmat Road / Hyderbagh
CUST_0348,19.180816,77.315535,8,Ward 02 - Anand Nagar Commercial
CUST_0349,19.161849,77.321809,7,Ward 04 - Workshop Junction / ITI
CUST_0350,19.176128,77.323659,6,Ward 02 - Anand Nagar Commercial
CUST_0351,19.164729,77.320778,8,Ward 02 - Anand Nagar Commercial
CUST_0352,19.184379,77.32314,3,Ward 02 - Anand Nagar Commercial
CUST_0353,19.156059,77.285219,2,Ward 03 - Taroda (KH) West
CUST_0354,19.167147,77.292486,7,Ward 03 - Taroda (KH) West
CUST_0355,19.171316,77.297575,1,Ward 03 - Taroda (KH) West
CUST_0356,19.166238,77.283617,4,Ward 03 - Taroda (KH) West
CUST_0357,19.187992,77.329901,1,Ward 02 - Anand Nagar Commercial
CUST_0358,19.168917,77.298162,3,Ward 03 - Taroda (KH) West
CUST_0359,19.185222,77.347399,6,Ward 02 - Anand Nagar Commercial
CUST_0360,19.188714,77.322286,7,Ward 02 - Anand Nagar Commercial
CUST_0361,19.122539,77.310058,1,Ward 06 - CIDCO Sector 1-4
CUST_0362,19.178933,77.319347,3,Ward 02 - Anand Nagar Commercial
CUST_0363,19.160995,77.291488,2,Ward 07 - Vasmat Road / Hyderbagh
CUST_0364,19.164896,77.303732,4,Ward 03 - Taroda (KH) West
CUST_0365,19.161353,77.311894,3,Ward 03 - Taroda (KH) West
CUST_0366,19.195483,77.289283,2,Ward 03 - Taroda (KH) West
CUST_0367,19.141614,77.308164,7,Ward 05 - Station Road / Old Nanded
CUST_0368,19.188113,77.326976,1,Ward 02 - Anand Nagar Commercial
CUST_0369,19.188001,77.310793,1,Ward 02 - Anand Nagar Commercial
CUST_0370,19.174114,77.327193,3,Ward 02 - Anand Nagar Commercial
CUST_0371,19.171192,77.297253,6,Ward 03 - Taroda (KH) West
CUST_0372,19.183993,77.299112,3,Ward 01 - Taroda (BK) North
CUST_0373,19.13442,77.338085,1,Ward 06 - CIDCO Sector 1-4
CUST_0374,19.179442,77.32596,2,Ward 01 - Taroda (BK) North
CUST_0375,19.132871,77.331667,1,Ward 06 - CIDCO Sector 1-4
CUST_0376,19.193949,77.314705,8,Ward 02 - Anand Nagar Commercial
CUST_0377,19.150432,77.288844,1,Ward 05 - Station Road / Old Nanded
CUST_0378,19.149609,77.287558,4,Ward 07 - Vasmat Road / Hyderbagh
CUST_0379,19.160073,77.309227,8,Ward 04 - Workshop Junction / ITI
CUST_0380,19.187991,77.321711,2,Ward 01 - Taroda (BK) North
CUST_0381,19.186247,77.321904,2,Ward 01 - Taroda (BK) North
CUST_0382,19.189672,77.319814,1,Ward 02 - Anand Nagar Commercial
CUST_0383,19.1685,77.311889,1,Ward 02 - Anand Nagar Commercial
CUST_0384,19.162297,77.274827,5,Ward 03 - Taroda (KH) West
CUST_0385,19.192136,77.330255,3,Ward 01 - Taroda (BK) North
CUST_0386,19.161723,77.282643,4,Ward 03 - Taroda (KH) West
CUST_0387,19.185768,77.293261,1,Ward 03 - Taroda (KH) West
CUST_0388,19.169917,77.301691,4,Ward 03 - Taroda (KH) West
CUST_0389,19.168627,77.293817,8,Ward 03 - Taroda (KH) West
CUST_0390,19.190826,77.31341,1,Ward 01 - Taroda (BK) North
CUST_0391,19.180565,77.30252,7,Ward 01 - Taroda (BK) North
CUST_0392,19.170329,77.283741,8,Ward 03 - Taroda (KH) West
CUST_0393,19.150905,77.324874,3,Ward 04 - Workshop Junction / ITI
CUST_0394,19.178038,77.338496,3,Ward 01 - Taroda (BK) North
CUST_0395,19.175553,77.30744,6,Ward 03 - Taroda (KH) West
CUST_0396,19.184639,77.30696,3,Ward 02 - Anand Nagar Commercial
CUST_0397,19.166827,77.280537,1,Ward 03 - Taroda (KH) West
CUST_0398,19.174641,77.3362,3,Ward 02 - Anand Nagar Commercial
CUST_0399,19.163816,77.274787,4,Ward 07 - Vasmat Road / Hyderbagh
CUST_0400,19.146229,77.30208,8,Ward 05 - Station Road / Old Nanded
CUST_0401,19.146031,77.334463,3,Ward 06 - CIDCO Sector 1-4
CUST_0402,19.146198,77.302265,6,Ward 04 - Workshop Junction / ITI
CUST_0403,19.168071,77.330195,2,Ward 01 - Taroda (BK) North
CUST_0404,19.21108,77.310888,7,Ward 01 - Taroda (BK) North
CUST_0405,19.183215,77.312019,8,Ward 01 - Taroda (BK) North
CUST_0406,19.152928,77.306263,6,Ward 04 - Workshop Junction / ITI
CUST_0407,19.170527,77.29946,6,Ward 03 - Taroda (KH) West
CUST_0408,19.195448,77.312036,1,Ward 01 - Taroda (BK) North
CUST_0409,19.160113,77.300569,4,Ward 04 - Workshop Junction / ITI
CUST_0410,19.178587,77.328974,4,Ward 01 - Taroda (BK) North
CUST_0411,19.123596,77.303599,3,Ward 06 - CIDCO Sector 1-4
CUST_0412,19.171112,77.319514,1,Ward 02 - Anand Nagar Commercial
CUST_0413,19.175229,77.287097,6,Ward 07 - Vasmat Road / Hyderbagh
CUST_0414,19.156191,77.33062,3,Ward 06 - CIDCO Sector 1-4
CUST_0415,19.157175,77.320641,2,Ward 04 - Workshop Junction / ITI
CUST_0416,19.176737,77.299573,8,Ward 02 - Anand Nagar Commercial
CUST_0417,19.150173,77.301864,3,Ward 05 - Station Road / Old Nanded
CUST_0418,19.170523,77.320645,8,Ward 04 - Workshop Junction / ITI
CUST_0419,19.187738,77.307615,3,Ward 01 - Taroda (BK) North
CUST_0420,19.205769,77.318047,5,Ward 01 - Taroda (BK) North
CUST_0421,19.209046,77.31264,5,Ward 01 - Taroda (BK) North
CUST_0422,19.176212,77.327619,5,Ward 01 - Taroda (BK) North
CUST_0423,19.136688,77.320632,7,Ward 06 - CIDCO Sector 1-4
CUST_0424,19.169189,77.30921,1,Ward 04 - Workshop Junction / ITI
CUST_0425,19.166708,77.294634,2,Ward 03 - Taroda (KH) West
CUST_0426,19.179044,77.312647,6,Ward 01 - Taroda (BK) North
CUST_0427,19.169428,77.296498,2,Ward 03 - Taroda (KH) West
CUST_0428,19.145286,77.286562,5,Ward 05 - Station Road / Old Nanded
CUST_0429,19.169737,77.3301,8,Ward 03 - Taroda (KH) West
CUST_0430,19.155034,77.309663,5,Ward 04 - Workshop Junction / ITI
CUST_0431,19.18206,77.331387,7,Ward 02 - Anand Nagar Commercial
CUST_0432,19.18463,77.293493,6,Ward 03 - Taroda (KH) West
CUST_0433,19.15353,77.300737,2,Ward 05 - Station Road / Old Nanded
CUST_0434,19.148988,77.317659,1,Ward 04 - Workshop Junction / ITI
CUST_0435,19.185512,77.319164,5,Ward 01 - Taroda (BK) North
CUST_0436,19.171715,77.312495,7,Ward 04 - Workshop Junction / ITI
CUST_0437,19.165373,77.331938,6,Ward 02 - Anand Nagar Commercial
CUST_0438,19.171537,77.307,2,Ward 01 - Taroda (BK) North
CUST_0439,19.189318,77.31662,3,Ward 02 - Anand Nagar Commercial
CUST_0440,19.155748,77.305494,7,Ward 04 - Workshop Junction / ITI
CUST_0441,19.201841,77.311699,5,Ward 01 - Taroda (BK) North
CUST_0442,19.147274,77.308204,7,Ward 06 - CIDCO Sector 1-4
CUST_0443,19.166588,77.316775,6,Ward 04 - Workshop Junction / ITI
CUST_0444,19.147028,77.320242,8,Ward 06 - CIDCO Sector 1-4
CUST_0445,19.18174,77.334815,5,Ward 02 - Anand Nagar Commercial
CUST_0446,19.187092,77.303693,4,Ward 01 - Taroda (BK) North
CUST_0447,19.180856,77.313706,7,Ward 02 - Anand Nagar Commercial
CUST_0448,19.157348,77.296987,3,Ward 04 - Workshop Junction / ITI
CUST_0449,19.1713,77.302915,7,Ward 03 - Taroda (KH) West
CUST_0450,19.163438,77.315469,1,Ward 04 - Workshop Junction / ITI
CUST_0451,19.156082,77.317314,1,Ward 04 - Workshop Junction / ITI
CUST_0452,19.149854,77.308446,6,Ward 05 - Station Road / Old Nanded
CUST_0453,19.159475,77.288125,7,Ward 03 - Taroda (KH) West
CUST_0454,19.167595,77.327117,5,Ward 02 - Anand Nagar Commercial
CUST_0455,19.153484,77.313104,6,Ward 05 - Station Road / Old Nanded
CUST_0456,19.13677,77.315277,6,Ward 05 - Station Road / Old Nanded
CUST_0457,19.141197,77.290298,4,Ward 05 - Station Road / Old Nanded
CUST_0458,19.195,77.317733,7,Ward 01 - Taroda (BK) North
CUST_0459,19.164512,77.308467,6,Ward 02 - Anand Nagar Commercial
CUST_0460,19.12986,77.30146,4,Ward 06 - CIDCO Sector 1-4
CUST_0461,19.167082,77.317917,7,Ward 03 - Taroda (KH) West
CUST_0462,19.200752,77.309518,1,Ward 02 - Anand Nagar Commercial
CUST_0463,19.187933,77.314123,4,Ward 01 - Taroda (BK) North
CUST_0464,19.164259,77.300396,7,Ward 01 - Taroda (BK) North
CUST_0465,19.158313,77.280228,3,Ward 03 - Taroda (KH) West
CUST_0466,19.177005,77.281384,4,Ward 03 - Taroda (KH) West
CUST_0467,19.174845,77.333987,2,Ward 02 - Anand Nagar Commercial
CUST_0468,19.156929,77.289189,2,Ward 07 - Vasmat Road / Hyderbagh
CUST_0469,19.184997,77.314085,2,Ward 01 - Taroda (BK) North
CUST_0470,19.171608,77.282642,6,Ward 03 - Taroda (KH) West
CUST_0471,19.170103,77.29647,2,Ward 04 - Workshop Junction / ITI
CUST_0472,19.182581,77.31803,6,Ward 02 - Anand Nagar Commercial
CUST_0473,19.185818,77.326421,1,Ward 02 - Anand Nagar Commercial
CUST_0474,19.179253,77.298482,2,Ward 01 - Taroda (BK) North
CUST_0475,19.153105,77.295375,3,Ward 05 - Station Road / Old Nanded
CUST_0476,19.152238,77.284262,7,Ward 03 - Taroda (KH) West
CUST_0477,19.189098,77.305595,2,Ward 01 - Taroda (BK) North
CUST_0478,19.15689,77.30178,4,Ward 05 - Station Road / Old Nanded
CUST_0479,19.129726,77.323558,8,Ward 06 - CIDCO Sector 1-4
CUST_0480,19.181602,77.325114,3,Ward 02 - Anand Nagar Commercial
CUST_0481,19.204047,77.307463,6,Ward 01 - Taroda (BK) North
CUST_0482,19.180297,77.322076,8,Ward 02 - Anand Nagar Commercial
CUST_0483,19.17446,77.284045,2,Ward 03 - Taroda (KH) West
CUST_0484,19.121758,77.287255,7,Ward 06 - CIDCO Sector 1-4
CUST_0485,19.154542,77.2882,3,Ward 05 - Station Road / Old Nanded
CUST_0486,19.188375,77.318833,8,Ward 01 - Taroda (BK) North
CUST_0487,19.168735,77.287258,2,Ward 03 - Taroda (KH) West
CUST_0488,19.185605,77.292076,1,Ward 03 - Taroda (KH) West
CUST_0489,19.14924,77.293818,6,Ward 03 - Taroda (KH) West
CUST_0490,19.158915,77.305867,1,Ward 04 - Workshop Junction / ITI
CUST_0491,19.19097,77.329204,7,Ward 02 - Anand Nagar Commercial
CUST_0492,19.158353,77.295644,5,Ward 04 - Workshop Junction / ITI
CUST_0493,19.165785,77.31572,4,Ward 04 - Workshop Junction / ITI
CUST_0494,19.180887,77.298147,6,Ward 03 - Taroda (KH) West
CUST_0495,19.162495,77.299001,1,Ward 07 - Vasmat Road / Hyderbagh
CUST_0496,19.148643,77.323227,5,Ward 06 - CIDCO Sector 1-4
CUST_0497,19.18076,77.313543,7,Ward 02 - Anand Nagar Commercial
CUST_0498,19.137588,77.308351,4,Ward 05 - Station Road / Old Nanded
CUST_0499,19.184685,77.315487,2,Ward 02 - Anand Nagar Commercial
CUST_0500,19.177316,77.30795,2,Ward 02 - Anand Nagar Commercial
CUST_0501,19.166965,77.286606,5,Ward 03 - Taroda (KH) West
CUST_0502,19.190936,77.335301,5,Ward 02 - Anand Nagar Commercial
CUST_0503,19.178237,77.333257,3,Ward 02 - Anand Nagar Commercial
CUST_0504,19.139711,77.281517,5,Ward 03 - Taroda (KH) West
CUST_0505,19.180669,77.312726,5,Ward 01 - Taroda (BK) North
CUST_0506,19.183509,77.287795,5,Ward 03 - Taroda (KH) West
CUST_0507,19.181109,77.32849,5,Ward 02 - Anand Nagar Commercial
CUST_0508,19.180342,77.283054,8,Ward 01 - Taroda (BK) North
CUST_0509,19.190465,77.28803,5,Ward 01 - Taroda (BK) North
CUST_0510,19.157585,77.322475,5,Ward 07 - Vasmat Road / Hyderbagh
CUST_0511,19.175324,77.322215,4,Ward 01 - Taroda (BK) North
CUST_0512,19.176383,77.305805,4,Ward 01 - Taroda (BK) North
CUST_0513,19.158366,77.319124,6,Ward 04 - Workshop Junction / ITI
CUST_0514,19.153875,77.308353,2,Ward 04 - Workshop Junction / ITI
CUST_0515,19.127267,77.30662,7,Ward 04 - Workshop Junction / ITI
CUST_0516,19.141395,77.314728,8,Ward 04 - Workshop Junction / ITI
CUST_0517,19.153684,77.320436,2,Ward 04 - Workshop Junction / ITI
CUST_0518,19.134436,77.280176,7,Ward 07 - Vasmat Road / Hyderbagh
CUST_0519,19.162161,77.304911,8,Ward 05 - Station Road / Old Nanded
CUST_0520,19.158437,77.284669,7,Ward 03 - Taroda (KH) West
CUST_0521,19.182988,77.338403,6,Ward 02 - Anand Nagar Commercial
CUST_0522,19.172869,77.328117,6,Ward 02 - Anand Nagar Commercial
CUST_0523,19.149374,77.301645,8,Ward 05 - Station Road / Old Nanded
CUST_0524,19.194134,77.297227,7,Ward 01 - Taroda (BK) North
CUST_0525,19.167001,77.283616,1,Ward 03 - Taroda (KH) West
CUST_0526,19.153151,77.360989,5,Ward 06 - CIDCO Sector 1-4
CUST_0527,19.158395,77.303041,1,Ward 03 - Taroda (KH) West
CUST_0528,19.180505,77.300036,6,Ward 01 - Taroda (BK) North
CUST_0529,19.169688,77.301259,7,Ward 03 - Taroda (KH) West
CUST_0530,19.176494,77.327485,5,Ward 02 - Anand Nagar Commercial
CUST_0531,19.183785,77.321293,4,Ward 01 - Taroda (BK) North
CUST_0532,19.185744,77.316668,4,Ward 01 - Taroda (BK) North
CUST_0533,19.185104,77.324056,6,Ward 01 - Taroda (BK) North
CUST_0534,19.179403,77.330849,8,Ward 06 - CIDCO Sector 1-4
CUST_0535,19.192037,77.305734,1,Ward 01 - Taroda (BK) North
CUST_0536,19.153979,77.307183,2,Ward 02 - Anand Nagar Commercial
CUST_0537,19.146601,77.314806,4,Ward 06 - CIDCO Sector 1-4
CUST_0538,19.173643,77.312382,2,Ward 01 - Taroda (BK) North
CUST_0539,19.131954,77.312838,2,Ward 06 - CIDCO Sector 1-4
CUST_0540,19.160483,77.280456,7,Ward 07 - Vasmat Road / Hyderbagh
CUST_0541,19.165847,77.305238,8,Ward 01 - Taroda (BK) North
CUST_0542,19.160629,77.280059,1,Ward 07 - Vasmat Road / Hyderbagh
CUST_0543,19.169124,77.299339,5,Ward 05 - Station Road / Old Nanded
CUST_0544,19.176139,77.3323,6,Ward 02 - Anand Nagar Commercial
CUST_0545,19.15428,77.289084,8,Ward 03 - Taroda (KH) West
CUST_0546,19.198093,77.331053,1,Ward 01 - Taroda (BK) North
CUST_0547,19.178966,77.33093,3,Ward 02 - Anand Nagar Commercial
CUST_0548,19.168717,77.32372,3,Ward 02 - Anand Nagar Commercial
CUST_0549,19.15546,77.307003,1,Ward 04 - Workshop Junction / ITI
CUST_0550,19.181246,77.329238,7,Ward 01 - Taroda (BK) North
CUST_0551,19.147331,77.314619,8,Ward 05 - Station Road / Old Nanded
CUST_0552,19.150296,77.302045,3,Ward 04 - Workshop Junction / ITI
CUST_0553,19.141914,77.304493,5,Ward 05 - Station Road / Old Nanded
CUST_0554,19.146715,77.319708,2,Ward 05 - Station Road / Old Nanded
CUST_0555,19.145438,77.300534,7,Ward 05 - Station Road / Old Nanded
CUST_0556,19.177927,77.31675,8,Ward 01 - Taroda (BK) North
CUST_0557,19.176901,77.301704,3,Ward 03 - Taroda (KH) West
CUST_0558,19.155121,77.324715,3,Ward 01 - Taroda (BK) North
CUST_0559,19.153974,77.29969,5,Ward 05 - Station Road / Old Nanded
CUST_0560,19.178298,77.29638,2,Ward 01 - Taroda (BK) North
CUST_0561,19.171715,77.315282,7,Ward 01 - Taroda (BK) North
CUST_0562,19.177235,77.307634,7,Ward 01 - Taroda (BK) North
CUST_0563,19.146574,77.287634,1,Ward 07 - Vasmat Road / Hyderbagh
CUST_0564,19.180678,77.316936,2,Ward 02 - Anand Nagar Commercial
CUST_0565,19.186912,77.326993,4,Ward 02 - Anand Nagar Commercial
CUST_0566,19.186157,77.296678,5,Ward 01 - Taroda (BK) North
CUST_0567,19.184663,77.310318,2,Ward 01 - Taroda (BK) North
CUST_0568,19.146437,77.30047,2,Ward 05 - Station Road / Old Nanded
CUST_0569,19.155689,77.315155,8,Ward 04 - Workshop Junction / ITI
CUST_0570,19.161781,77.296329,3,Ward 03 - Taroda (KH) West
CUST_0571,19.187774,77.316689,4,Ward 01 - Taroda (BK) North
CUST_0572,19.156527,77.287991,2,Ward 03 - Taroda (KH) West
CUST_0573,19.187838,77.332415,8,Ward 02 - Anand Nagar Commercial
CUST_0574,19.196026,77.335524,4,Ward 02 - Anand Nagar Commercial
CUST_0575,19.149629,77.301743,6,Ward 05 - Station Road / Old Nanded
CUST_0576,19.171794,77.304588,3,Ward 03 - Taroda (KH) West
CUST_0577,19.149597,77.306478,5,Ward 04 - Workshop Junction / ITI
CUST_0578,19.142199,77.307538,1,Ward 05 - Station Road / Old Nanded
CUST_0579,19.166026,77.292646,6,Ward 07 - Vasmat Road / Hyderbagh
CUST_0580,19.132055,77.299945,4,Ward 05 - Station Road / Old Nanded
CUST_0581,19.166089,77.299953,8,Ward 04 - Workshop Junction / ITI
CUST_0582,19.151914,77.312774,1,Ward 04 - Workshop Junction / ITI
CUST_0583,19.150119,77.329152,3,Ward 06 - CIDCO Sector 1-4
CUST_0584,19.172643,77.301903,7,Ward 02 - Anand Nagar Commercial
CUST_0585,19.112541,77.316007,2,Ward 06 - CIDCO Sector 1-4
CUST_0586,19.174185,77.3214,2,Ward 01 - Taroda (BK) North
CUST_0587,19.190009,77.33303,7,Ward 02 - Anand Nagar Commercial
CUST_0588,19.188266,77.305332,6,Ward 01 - Taroda (BK) North
CUST_0589,19.179947,77.327667,3,Ward 02 - Anand Nagar Commercial
CUST_0590,19.161288,77.302776,1,Ward 07 - Vasmat Road / Hyderbagh
CUST_0591,19.139794,77.331883,5,Ward 06 - CIDCO Sector 1-4
CUST_0592,19.143548,77.29546,2,Ward 05 - Station Road / Old Nanded
CUST_0593,19.139528,77.312275,4,Ward 06 - CIDCO Sector 1-4
CUST_0594,19.129094,77.323488,1,Ward 06 - CIDCO Sector 1-4
CUST_0595,19.178275,77.314074,6,Ward 01 - Taroda (BK) North
CUST_0596,19.162052,77.334712,6,Ward 01 - Taroda (BK) North
CUST_0597,19.190343,77.313791,8,Ward 01 - Taroda (BK) North
CUST_0598,19.165877,77.296381,7,Ward 07 - Vasmat Road / Hyderbagh
CUST_0599,19.173854,77.307679,4,Ward 04 - Workshop Junction / ITI
CUST_0600,19.201423,77.32328,8,Ward 01 - Taroda (BK) North
CUST_0601,19.122216,77.323029,8,Ward 06 - CIDCO Sector 1-4
CUST_0602,19.156521,77.315389,1,Ward 04 - Workshop Junction / ITI
CUST_0603,19.154266,77.308705,6,Ward 04 - Workshop Junction / ITI
CUST_0604,19.150062,77.305708,4,Ward 06 - CIDCO Sector 1-4
CUST_0605,19.17001,77.301016,5,Ward 03 - Taroda (KH) West
CUST_0606,19.170694,77.301218,6,Ward 03 - Taroda (KH) West
CUST_0607,19.145951,77.304867,2,Ward 05 - Station Road / Old Nanded
CUST_0608,19.148953,77.302561,1,Ward 04 - Workshop Junction / ITI
CUST_0609,19.156378,77.289335,1,Ward 03 - Taroda (KH) West
CUST_0610,19.164325,77.307155,1,Ward 04 - Workshop Junction / ITI
CUST_0611,19.167388,77.277856,8,Ward 03 - Taroda (KH) West
CUST_0612,19.189362,77.311963,6,Ward 02 - Anand Nagar Commercial
CUST_0613,19.160644,77.285184,5,Ward 07 - Vasmat Road / Hyderbagh
CUST_0614,19.183122,77.3158,7,Ward 01 - Taroda (BK) North
CUST_0615,19.208487,77.329919,4,Ward 02 - Anand Nagar Commercial
CUST_0616,19.184257,77.301372,4,Ward 02 - Anand Nagar Commercial
CUST_0617,19.162035,77.307678,1,Ward 03 - Taroda (KH) West
CUST_0618,19.183275,77.304654,8,Ward 01 - Taroda (BK) North
CUST_0619,19.185767,77.316836,7,Ward 02 - Anand Nagar Commercial
CUST_0620,19.152478,77.321265,3,Ward 06 - CIDCO Sector 1-4
CUST_0621,19.14078,77.319014,5,Ward 05 - Station Road / Old Nanded
CUST_0622,19.188747,77.311171,7,Ward 01 - Taroda (BK) North
CUST_0623,19.167253,77.322184,7,Ward 02 - Anand Nagar Commercial
CUST_0624,19.167348,77.286388,4,Ward 03 - Taroda (KH) West
CUST_0625,19.167629,77.309681,7,Ward 01 - Taroda (BK) North
CUST_0626,19.14693,77.312813,4,Ward 05 - Station Road / Old Nanded
CUST_0627,19.154065,77.313565,8,Ward 04 - Workshop Junction / ITI
CUST_0628,19.193357,77.300282,6,Ward 02 - Anand Nagar Commercial
CUST_0629,19.147816,77.273394,4,Ward 07 - Vasmat Road / Hyderbagh
CUST_0630,19.165312,77.298543,6,Ward 04 - Workshop Junction / ITI
CUST_0631,19.147936,77.303456,4,Ward 03 - Taroda (KH) West
CUST_0632,19.150002,77.305234,3,Ward 04 - Workshop Junction / ITI
CUST_0633,19.175349,77.302593,3,Ward 01 - Taroda (BK) North
CUST_0634,19.182613,77.330587,4,Ward 02 - Anand Nagar Commercial
CUST_0635,19.150739,77.297851,7,Ward 06 - CIDCO Sector 1-4
CUST_0636,19.171076,77.306154,8,Ward 03 - Taroda (KH) West
CUST_0637,19.17963,77.317516,5,Ward 01 - Taroda (BK) North
CUST_0638,19.131495,77.312391,5,Ward 06 - CIDCO Sector 1-4
CUST_0639,19.139728,77.324258,1,Ward 04 - Workshop Junction / ITI
CUST_0640,19.174994,77.332035,8,Ward 02 - Anand Nagar Commercial
CUST_0641,19.162659,77.325762,2,Ward 02 - Anand Nagar Commercial
CUST_0642,19.143453,77.291109,7,Ward 05 - Station Road / Old Nanded
CUST_0643,19.161024,77.303125,7,Ward 04 - Workshop Junction / ITI
CUST_0644,19.174467,77.31159,5,Ward 01 - Taroda (BK) North
CUST_0645,19.179104,77.311502,1,Ward 01 - Taroda (BK) North
CUST_0646,19.173914,77.292074,3,Ward 03 - Taroda (KH) West
CUST_0647,19.168912,77.33539,6,Ward 02 - Anand Nagar Commercial
CUST_0648,19.157742,77.29573,6,Ward 05 - Station Road / Old Nanded
CUST_0649,19.10719,77.324566,5,Ward 06 - CIDCO Sector 1-4
CUST_0650,19.150339,77.309567,5,Ward 04 - Workshop Junction / ITI
CUST_0651,19.177618,77.330437,5,Ward 01 - Taroda (BK) North
CUST_0652,19.128585,77.326675,5,Ward 06 - CIDCO Sector 1-4
CUST_0653,19.150226,77.312447,5,Ward 05 - Station Road / Old Nanded
CUST_0654,19.166194,77.287559,2,Ward 03 - Taroda (KH) West
CUST_0655,19.142815,77.310199,3,Ward 05 - Station Road / Old Nanded
CUST_0656,19.19246,77.338399,5,Ward 02 - Anand Nagar Commercial
CUST_0657,19.176294,77.322096,3,Ward 02 - Anand Nagar Commercial
CUST_0658,19.184034,77.322985,2,Ward 02 - Anand Nagar Commercial
CUST_0659,19.166933,77.319826,7,Ward 04 - Workshop Junction / ITI
CUST_0660,19.152549,77.300865,1,Ward 05 - Station Road / Old Nanded
CUST_0661,19.152803,77.307975,1,Ward 04 - Workshop Junction / ITI
CUST_0662,19.189462,77.334648,1,Ward 01 - Taroda (BK) North
CUST_0663,19.176532,77.274218,1,Ward 07 - Vasmat Road / Hyderbagh
CUST_0664,19.149103,77.306575,3,Ward 04 - Workshop Junction / ITI
CUST_0665,19.200054,77.323621,8,Ward 01 - Taroda (BK) North
CUST_0666,19.196369,77.310075,1,Ward 01 - Taroda (BK) North
CUST_0667,19.154257,77.291634,2,Ward 03 - Taroda (KH) West
CUST_0668,19.173919,77.307017,1,Ward 03 - Taroda (KH) West
CUST_0669,19.191104,77.324632,3,Ward 01 - Taroda (BK) North
CUST_0670,19.163919,77.290864,4,Ward 03 - Taroda (KH) West
CUST_0671,19.186203,77.310404,8,Ward 01 - Taroda (BK) North
CUST_0672,19.189002,77.318506,1,Ward 01 - Taroda (BK) North
CUST_0673,19.169918,77.335725,8,Ward 02 - Anand Nagar Commercial
CUST_0674,19.158766,77.304126,2,Ward 03 - Taroda (KH) West
CUST_0675,19.130357,77.321461,7,Ward 06 - CIDCO Sector 1-4
CUST_0676,19.136903,77.296943,2,Ward 06 - CIDCO Sector 1-4
CUST_0677,19.182934,77.311182,4,Ward 02 - Anand Nagar Commercial
CUST_0678,19.155973,77.333302,2,Ward 02 - Anand Nagar Commercial
CUST_0679,19.177021,77.293514,1,Ward 01 - Taroda (BK) North
CUST_0680,19.204951,77.331118,4,Ward 02 - Anand Nagar Commercial
CUST_0681,19.133466,77.310272,1,Ward 06 - CIDCO Sector 1-4
CUST_0682,19.149603,77.285314,1,Ward 05 - Station Road / Old Nanded
CUST_0683,19.146347,77.304475,1,Ward 04 - Workshop Junction / ITI
CUST_0684,19.140981,77.334279,5,Ward 06 - CIDCO Sector 1-4
CUST_0685,19.188522,77.318837,4,Ward 01 - Taroda (BK) North
CUST_0686,19.139795,77.299127,2,Ward 05 - Station Road / Old Nanded
CUST_0687,19.156305,77.324668,8,Ward 06 - CIDCO Sector 1-4
CUST_0688,19.180279,77.319982,6,Ward 01 - Taroda (BK) North
CUST_0689,19.178423,77.317497,4,Ward 01 - Taroda (BK) North
CUST_0690,19.13027,77.344439,2,Ward 06 - CIDCO Sector 1-4
CUST_0691,19.122817,77.318924,3,Ward 06 - CIDCO Sector 1-4
CUST_0692,19.182032,77.335242,1,Ward 02 - Anand Nagar Commercial
CUST_0693,19.154934,77.288124,2,Ward 03 - Taroda (KH) West
CUST_0694,19.146304,77.309653,8,Ward 05 - Station Road / Old Nanded
CUST_0695,19.195394,77.287679,6,Ward 03 - Taroda (KH) West
CUST_0696,19.144436,77.318018,3,Ward 05 - Station Road / Old Nanded
CUST_0697,19.169387,77.283636,3,Ward 03 - Taroda (KH) West
CUST_0698,19.191762,77.316411,2,Ward 01 - Taroda (BK) North
CUST_0699,19.148076,77.315369,4,Ward 04 - Workshop Junction / ITI
CUST_0700,19.192387,77.310167,1,Ward 01 - Taroda (BK) North
CUST_0701,19.155077,77.291245,8,Ward 05 - Station Road / Old Nanded
CUST_0702,19.1539,77.309581,2,Ward 04 - Workshop Junction / ITI
CUST_0703,19.18375,77.286339,2,Ward 03 - Taroda (KH) West
CUST_0704,19.185258,77.327667,2,Ward 02 - Anand Nagar Commercial
CUST_0705,19.195441,77.322888,2,Ward 01 - Taroda (BK) North
CUST_0706,19.144748,77.315396,8,Ward 06 - CIDCO Sector 1-4
CUST_0707,19.146863,77.330354,7,Ward 06 - CIDCO Sector 1-4
CUST_0708,19.182237,77.282835,6,Ward 03 - Taroda (KH) West
CUST_0709,19.173985,77.325008,6,Ward 02 - Anand Nagar Commercial
CUST_0710,19.189773,77.32055,7,Ward 01 - Taroda (BK) North
CUST_0711,19.153143,77.275955,4,Ward 07 - Vasmat Road / Hyderbagh
CUST_0712,19.145987,77.31605,2,Ward 05 - Station Road / Old Nanded
CUST_0713,19.173657,77.307769,7,Ward 02 - Anand Nagar Commercial
CUST_0714,19.145797,77.30318,3,Ward 05 - Station Road / Old Nanded
CUST_0715,19.174077,77.252689,6,Ward 07 - Vasmat Road / Hyderbagh
CUST_0716,19.145021,77.305456,4,Ward 03 - Taroda (KH) West
CUST_0717,19.169429,77.332011,2,Ward 02 - Anand Nagar Commercial
CUST_0718,19.182345,77.315577,2,Ward 01 - Taroda (BK) North
CUST_0719,19.158179,77.294557,3,Ward 03 - Taroda (KH) West
CUST_0720,19.15984,77.319231,4,Ward 02 - Anand Nagar Commercial
CUST_0721,19.147541,77.305533,7,Ward 05 - Station Road / Old Nanded
CUST_0722,19.175001,77.328048,3,Ward 02 - Anand Nagar Commercial
CUST_0723,19.186797,77.297595,3,Ward 03 - Taroda (KH) West
CUST_0724,19.159944,77.295461,3,Ward 03 - Taroda (KH) West
CUST_0725,19.177236,77.333163,3,Ward 01 - Taroda (BK) North
CUST_0726,19.154804,77.304007,5,Ward 04 - Workshop Junction / ITI
CUST_0727,19.174873,77.295944,3,Ward 01 - Taroda (BK) North
CUST_0728,19.191932,77.300098,5,Ward 01 - Taroda (BK) North
CUST_0729,19.189992,77.326644,3,Ward 01 - Taroda (BK) North
CUST_0730,19.170052,77.289612,8,Ward 03 - Taroda (KH) West
CUST_0731,19.16712,77.309516,1,Ward 04 - Workshop Junction / ITI
CUST_0732,19.149367,77.300391,6,Ward 05 - Station Road / Old Nanded
CUST_0733,19.206238,77.315671,1,Ward 01 - Taroda (BK) North
CUST_0734,19.145166,77.332882,2,Ward 06 - CIDCO Sector 1-4
CUST_0735,19.154985,77.294262,8,Ward 03 - Taroda (KH) West
CUST_0736,19.206654,77.294269,2,Ward 01 - Taroda (BK) North
CUST_0737,19.175966,77.329959,8,Ward 02 - Anand Nagar Commercial
CUST_0738,19.143287,77.329442,1,Ward 06 - CIDCO Sector 1-4
CUST_0739,19.141825,77.302332,4,Ward 05 - Station Road / Old Nanded
CUST_0740,19.181736,77.326572,3,Ward 02 - Anand Nagar Commercial
CUST_0741,19.168237,77.318924,3,Ward 02 - Anand Nagar Commercial
CUST_0742,19.180088,77.306366,6,Ward 02 - Anand Nagar Commercial
CUST_0743,19.149478,77.298173,7,Ward 06 - CIDCO Sector 1-4
CUST_0744,19.156546,77.319887,4,Ward 04 - Workshop Junction / ITI
CUST_0745,19.178544,77.287567,8,Ward 07 - Vasmat Road / Hyderbagh
CUST_0746,19.158511,77.297626,3,Ward 03 - Taroda (KH) West
CUST_0747,19.13259,77.312971,7,Ward 06 - CIDCO Sector 1-4
CUST_0748,19.152519,77.30615,3,Ward 04 - Workshop Junction / ITI
CUST_0749,19.179135,77.303009,7,Ward 01 - Taroda (BK) North
CUST_0750,19.156823,77.308415,3,Ward 04 - Workshop Junction / ITI
CUST_0751,19.194651,77.333226,6,Ward 01 - Taroda (BK) North
CUST_0752,19.191449,77.333854,8,Ward 02 - Anand Nagar Commercial
CUST_0753,19.192877,77.319251,3,Ward 01 - Taroda (BK) North
CUST_0754,19.181071,77.314882,7,Ward 01 - Taroda (BK) North
CUST_0755,19.14638,77.278811,7,Ward 07 - Vasmat Road / Hyderbagh
CUST_0756,19.167597,77.315783,6,Ward 04 - Workshop Junction / ITI
CUST_0757,19.187734,77.317974,4,Ward 01 - Taroda (BK) North
CUST_0758,19.176461,77.325321,5,Ward 01 - Taroda (BK) North
CUST_0759,19.150707,77.302714,6,Ward 05 - Station Road / Old Nanded
CUST_0760,19.124989,77.3195,1,Ward 06 - CIDCO Sector 1-4
CUST_0761,19.202484,77.320541,6,Ward 01 - Taroda (BK) North
CUST_0762,19.191416,77.320356,1,Ward 01 - Taroda (BK) North
CUST_0763,19.153911,77.286996,8,Ward 03 - Taroda (KH) West
CUST_0764,19.168609,77.297608,8,Ward 07 - Vasmat Road / Hyderbagh
CUST_0765,19.183388,77.324771,2,Ward 01 - Taroda (BK) North
CUST_0766,19.196238,77.309188,5,Ward 01 - Taroda (BK) North
CUST_0767,19.183887,77.303564,6,Ward 02 - Anand Nagar Commercial
CUST_0768,19.188195,77.314626,6,Ward 01 - Taroda (BK) North
CUST_0769,19.163811,77.287546,1,Ward 03 - Taroda (KH) West
CUST_0770,19.168993,77.288516,7,Ward 03 - Taroda (KH) West
CUST_0771,19.161034,77.271547,1,Ward 07 - Vasmat Road / Hyderbagh
CUST_0772,19.149341,77.291832,6,Ward 05 - Station Road / Old Nanded
CUST_0773,19.168059,77.338393,2,Ward 02 - Anand Nagar Commercial
CUST_0774,19.185024,77.334939,1,Ward 02 - Anand Nagar Commercial
CUST_0775,19.180578,77.30513,1,Ward 01 - Taroda (BK) North
CUST_0776,19.190549,77.337511,6,Ward 01 - Taroda (BK) North
CUST_0777,19.162813,77.30104,2,Ward 01 - Taroda (BK) North
CUST_0778,19.16237,77.310601,3,Ward 02 - Anand Nagar Commercial
CUST_0779,19.18344,77.326091,2,Ward 01 - Taroda (BK) North
CUST_0780,19.192933,77.314209,3,Ward 01 - Taroda (BK) North
CUST_0781,19.151954,77.309523,5,Ward 04 - Workshop Junction / ITI
CUST_0782,19.131339,77.302768,4,Ward 05 - Station Road / Old Nanded
CUST_0783,19.171094,77.315205,1,Ward 02 - Anand Nagar Commercial
CUST_0784,19.144296,77.329457,3,Ward 06 - CIDCO Sector 1-4
CUST_0785,19.149938,77.299768,7,Ward 05 - Station Road / Old Nanded
CUST_0786,19.152412,77.31251,2,Ward 04 - Workshop Junction / ITI
CUST_0787,19.144347,77.293247,6,Ward 05 - Station Road / Old Nanded
CUST_0788,19.154196,77.298733,2,Ward 05 - Station Road / Old Nanded
CUST_0789,19.118561,77.30066,3,Ward 06 - CIDCO Sector 1-4
CUST_0790,19.182171,77.327945,4,Ward 01 - Taroda (BK) North
CUST_0791,19.165258,77.313937,7,Ward 04 - Workshop Junction / ITI
CUST_0792,19.171573,77.316145,8,Ward 01 - Taroda (BK) North
CUST_0793,19.180887,77.282303,1,Ward 03 - Taroda (KH) West
CUST_0794,19.177188,77.31734,1,Ward 02 - Anand Nagar Commercial
CUST_0795,19.199803,77.333154,3,Ward 02 - Anand Nagar Commercial
CUST_0796,19.186173,77.339347,7,Ward 02 - Anand Nagar Commercial
CUST_0797,19.17146,77.296411,6,Ward 03 - Taroda (KH) West
CUST_0798,19.195741,77.321036,3,Ward 02 - Anand Nagar Commercial
CUST_0799,19.167673,77.332995,8,Ward 02 - Anand Nagar Commercial
CUST_0800,19.164431,77.309549,2,Ward 03 - Taroda (KH) West
CUST_0801,19.136986,77.318481,3,Ward 04 - Workshop Junction / ITI
CUST_0802,19.158401,77.305519,8,Ward 04 - Workshop Junction / ITI
CUST_0803,19.177545,77.327548,8,Ward 02 - Anand Nagar Commercial
CUST_0804,19.179361,77.324925,1,Ward 02 - Anand Nagar Commercial
CUST_0805,19.179325,77.323445,8,Ward 02 - Anand Nagar Commercial
CUST_0806,19.193063,77.297033,4,Ward 01 - Taroda (BK) North
CUST_0807,19.178361,77.325082,1,Ward 02 - Anand Nagar Commercial
CUST_0808,19.150214,77.323466,6,Ward 04 - Workshop Junction / ITI
CUST_0809,19.175812,77.31156,7,Ward 01 - Taroda (BK) North
CUST_0810,19.173725,77.329679,8,Ward 02 - Anand Nagar Commercial
CUST_0811,19.188947,77.336324,7,Ward 01 - Taroda (BK) North
CUST_0812,19.176625,77.30353,7,Ward 01 - Taroda (BK) North
CUST_0813,19.179462,77.324304,4,Ward 02 - Anand Nagar Commercial
CUST_0814,19.189148,77.329074,8,Ward 02 - Anand Nagar Commercial
CUST_0815,19.131178,77.317863,3,Ward 06 - CIDCO Sector 1-4
CUST_0816,19.175822,77.335672,8,Ward 02 - Anand Nagar Commercial
CUST_0817,19.155686,77.307314,1,Ward 03 - Taroda (KH) West
CUST_0818,19.150125,77.312598,7,Ward 04 - Workshop Junction / ITI
CUST_0819,19.180381,77.321459,5,Ward 02 - Anand Nagar Commercial
CUST_0820,19.160929,77.31343,5,Ward 02 - Anand Nagar Commercial
CUST_0821,19.151164,77.287564,1,Ward 05 - Station Road / Old Nanded
CUST_0822,19.158599,77.332742,8,Ward 06 - CIDCO Sector 1-4
CUST_0823,19.177011,77.329183,6,Ward 01 - Taroda (BK) North
CUST_0824,19.177845,77.316217,4,Ward 02 - Anand Nagar Commercial
CUST_0825,19.158887,77.310988,3,Ward 05 - Station Road / Old Nanded
CUST_0826,19.141544,77.30198,7,Ward 05 - Station Road / Old Nanded
CUST_0827,19.179853,77.289157,1,Ward 07 - Vasmat Road / Hyderbagh
CUST_0828,19.167414,77.283905,7,Ward 03 - Taroda (KH) West
CUST_0829,19.168438,77.308778,7,Ward 03 - Taroda (KH) West
CUST_0830,19.180148,77.322391,7,Ward 02 - Anand Nagar Commercial
CUST_0831,19.156997,77.308913,1,Ward 04 - Workshop Junction / ITI
CUST_0832,19.176179,77.297513,3,Ward 03 - Taroda (KH) West
CUST_0833,19.182509,77.29665,4,Ward 01 - Taroda (BK) North
CUST_0834,19.186979,77.289787,3,Ward 03 - Taroda (KH) West
CUST_0835,19.148096,77.30278,1,Ward 05 - Station Road / Old Nanded
CUST_0836,19.167864,77.309218,8,Ward 03 - Taroda (KH) West
CUST_0837,19.16399,77.325089,6,Ward 02 - Anand Nagar Commercial
CUST_0838,19.176257,77.319599,8,Ward 02 - Anand Nagar Commercial
CUST_0839,19.172113,77.31796,1,Ward 01 - Taroda (BK) North
CUST_0840,19.191121,77.304094,8,Ward 01 - Taroda (BK) North
CUST_0841,19.187228,77.322302,1,Ward 02 - Anand Nagar Commercial
CUST_0842,19.185331,77.311236,3,Ward 01 - Taroda (BK) North
CUST_0843,19.172154,77.348746,1,Ward 01 - Taroda (BK) North
CUST_0844,19.161327,77.311426,1,Ward 06 - CIDCO Sector 1-4
CUST_0845,19.111345,77.338358,7,Ward 06 - CIDCO Sector 1-4
CUST_0846,19.172265,77.273074,3,Ward 07 - Vasmat Road / Hyderbagh
CUST_0847,19.161411,77.282125,5,Ward 07 - Vasmat Road / Hyderbagh
CUST_0848,19.184301,77.324061,8,Ward 02 - Anand Nagar Commercial
CUST_0849,19.153509,77.294114,1,Ward 03 - Taroda (KH) West
CUST_0850,19.144702,77.311957,3,Ward 04 - Workshop Junction / ITI
CUST_0851,19.179341,77.317485,5,Ward 02 - Anand Nagar Commercial
CUST_0852,19.185006,77.311191,8,Ward 01 - Taroda (BK) North
CUST_0853,19.143353,77.305486,5,Ward 05 - Station Road / Old Nanded
CUST_0854,19.170469,77.301036,7,Ward 03 - Taroda (KH) West
CUST_0855,19.193613,77.32365,3,Ward 02 - Anand Nagar Commercial
CUST_0856,19.145967,77.31412,2,Ward 04 - Workshop Junction / ITI
CUST_0857,19.183499,77.29872,8,Ward 03 - Taroda (KH) West
CUST_0858,19.123545,77.321553,8,Ward 06 - CIDCO Sector 1-4
CUST_0859,19.164348,77.291311,2,Ward 03 - Taroda (KH) West
CUST_0860,19.181351,77.320704,6,Ward 02 - Anand Nagar Commercial
CUST_0861,19.145283,77.294001,4,Ward 05 - Station Road / Old Nanded
CUST_0862,19.152143,77.310757,5,Ward 06 - CIDCO Sector 1-4
CUST_0863,19.188815,77.323311,7,Ward 02 - Anand Nagar Commercial
CUST_0864,19.176203,77.282515,6,Ward 03 - Taroda (KH) West
CUST_0865,19.130447,77.318635,2,Ward 06 - CIDCO Sector 1-4
CUST_0866,19.162197,77.291663,1,Ward 03 - Taroda (KH) West
CUST_0867,19.139032,77.301733,4,Ward 05 - Station Road / Old Nanded
CUST_0868,19.18305,77.31278,3,Ward 01 - Taroda (BK) North
CUST_0869,19.150387,77.311914,7,Ward 04 - Workshop Junction / ITI
CUST_0870,19.172784,77.285116,3,Ward 03 - Taroda (KH) West
CUST_0871,19.178021,77.278376,3,Ward 07 - Vasmat Road / Hyderbagh
CUST_0872,19.158286,77.293758,2,Ward 03 - Taroda (KH) West
CUST_0873,19.177608,77.334695,4,Ward 02 - Anand Nagar Commercial
CUST_0874,19.146666,77.273531,2,Ward 07 - Vasmat Road / Hyderbagh
CUST_0875,19.181331,77.312468,5,Ward 01 - Taroda (BK) North
CUST_0876,19.150791,77.317242,8,Ward 04 - Workshop Junction / ITI
CUST_0877,19.176521,77.307441,1,Ward 01 - Taroda (BK) North
CUST_0878,19.12314,77.337881,3,Ward 06 - CIDCO Sector 1-4
CUST_0879,19.156656,77.299915,6,Ward 04 - Workshop Junction / ITI
CUST_0880,19.197271,77.328667,3,Ward 01 - Taroda (BK) North
CUST_0881,19.18694,77.309623,5,Ward 01 - Taroda (BK) North
CUST_0882,19.171883,77.304754,7,Ward 01 - Taroda (BK) North
CUST_0883,19.149952,77.284945,8,Ward 07 - Vasmat Road / Hyderbagh
CUST_0884,19.16677,77.290363,4,Ward 03 - Taroda (KH) West
CUST_0885,19.168501,77.306168,8,Ward 03 - Taroda (KH) West
CUST_0886,19.158766,77.288116,4,Ward 04 - Workshop Junction / ITI
CUST_0887,19.17356,77.333619,3,Ward 02 - Anand Nagar Commercial
CUST_0888,19.160141,77.30457,1,Ward 03 - Taroda (KH) West
CUST_0889,19.157361,77.314522,5,Ward 04 - Workshop Junction / ITI
CUST_0890,19.17423,77.3168,2,Ward 02 - Anand Nagar Commercial
CUST_0891,19.156025,77.326801,6,Ward 01 - Taroda (BK) North
CUST_0892,19.164353,77.30053,5,Ward 04 - Workshop Junction / ITI
CUST_0893,19.171632,77.328614,7,Ward 02 - Anand Nagar Commercial
CUST_0894,19.195069,77.323889,5,Ward 07 - Vasmat Road / Hyderbagh
CUST_0895,19.166716,77.337338,1,Ward 02 - Anand Nagar Commercial
CUST_0896,19.180385,77.320332,5,Ward 01 - Taroda (BK) North
CUST_0897,19.153201,77.297663,6,Ward 04 - Workshop Junction / ITI
CUST_0898,19.174899,77.333256,5,Ward 01 - Taroda (BK) North
CUST_0899,19.172327,77.275369,1,Ward 03 - Taroda (KH) West
CUST_0900,19.191088,77.331467,4,Ward 01 - Taroda (BK) North
CUST_0901,19.18301,77.333474,6,Ward 01 - Taroda (BK) North
CUST_0902,19.169291,77.287852,5,Ward 03 - Taroda (KH) West
CUST_0903,19.149208,77.300312,1,Ward 05 - Station Road / Old Nanded
CUST_0904,19.160991,77.295691,4,Ward 03 - Taroda (KH) West
CUST_0905,19.137901,77.33551,2,Ward 06 - CIDCO Sector 1-4
CUST_0906,19.14391,77.296329,7,Ward 04 - Workshop Junction / ITI
CUST_0907,19.179822,77.308957,1,Ward 01 - Taroda (BK) North
CUST_0908,19.185813,77.314057,2,Ward 01 - Taroda (BK) North
CUST_0909,19.163855,77.282564,6,Ward 03 - Taroda (KH) West
CUST_0910,19.162008,77.309013,5,Ward 04 - Workshop Junction / ITI
CUST_0911,19.118912,77.327986,5,Ward 06 - CIDCO Sector 1-4
CUST_0912,19.187524,77.32239,6,Ward 02 - Anand Nagar Commercial
CUST_0913,19.189619,77.32284,6,Ward 01 - Taroda (BK) North
CUST_0914,19.126884,77.315241,6,Ward 06 - CIDCO Sector 1-4
CUST_0915,19.171319,77.298437,4,Ward 04 - Workshop Junction / ITI
CUST_0916,19.156959,77.296982,3,Ward 04 - Workshop Junction / ITI
CUST_0917,19.15161,77.309537,1,Ward 05 - Station Road / Old Nanded
CUST_0918,19.164743,77.308829,6,Ward 04 - Workshop Junction / ITI
CUST_0919,19.18111,77.317699,1,Ward 02 - Anand Nagar Commercial
CUST_0920,19.14057,77.330425,3,Ward 06 - CIDCO Sector 1-4
CUST_0921,19.119329,77.334795,2,Ward 06 - CIDCO Sector 1-4
CUST_0922,19.166507,77.287248,1,Ward 03 - Taroda (KH) West
CUST_0923,19.187153,77.322971,6,Ward 02 - Anand Nagar Commercial
CUST_0924,19.182834,77.333505,2,Ward 02 - Anand Nagar Commercial
CUST_0925,19.134868,77.29387,3,Ward 05 - Station Road / Old Nanded
CUST_0926,19.168346,77.328692,4,Ward 02 - Anand Nagar Commercial
CUST_0927,19.182995,77.320556,7,Ward 01 - Taroda (BK) North
CUST_0928,19.155115,77.317692,8,Ward 04 - Workshop Junction / ITI
CUST_0929,19.171891,77.281815,2,Ward 03 - Taroda (KH) West
CUST_0930,19.167935,77.331597,6,Ward 02 - Anand Nagar Commercial
CUST_0931,19.130075,77.32797,5,Ward 06 - CIDCO Sector 1-4
CUST_0932,19.18012,77.306742,8,Ward 01 - Taroda (BK) North
CUST_0933,19.18295,77.328521,1,Ward 02 - Anand Nagar Commercial
CUST_0934,19.184769,77.323594,5,Ward 02 - Anand Nagar Commercial
CUST_0935,19.175966,77.28931,1,Ward 07 - Vasmat Road / Hyderbagh
CUST_0936,19.1615,77.311201,6,Ward 04 - Workshop Junction / ITI
CUST_0937,19.183032,77.334373,6,Ward 02 - Anand Nagar Commercial
CUST_0938,19.137076,77.308853,3,Ward 06 - CIDCO Sector 1-4
CUST_0939,19.146448,77.288658,3,Ward 05 - Station Road / Old Nanded
CUST_0940,19.184749,77.301263,6,Ward 03 - Taroda (KH) West
CUST_0941,19.15689,77.307637,7,Ward 07 - Vasmat Road / Hyderbagh
CUST_0942,19.217168,77.307626,7,Ward 01 - Taroda (BK) North
CUST_0943,19.150852,77.314503,5,Ward 04 - Workshop Junction / ITI
CUST_0944,19.163933,77.336096,6,Ward 01 - Taroda (BK) North
CUST_0945,19.175893,77.320316,4,Ward 02 - Anand Nagar Commercial
CUST_0946,19.181527,77.31929,6,Ward 02 - Anand Nagar Commercial
CUST_0947,19.175856,77.31456,5,Ward 01 - Taroda (BK) North
CUST_0948,19.194033,77.308158,7,Ward 01 - Taroda (BK) North
CUST_0949,19.155158,77.301398,2,Ward 04 - Workshop Junction / ITI
CUST_0950,19.154573,77.307637,4,Ward 04 - Workshop Junction / ITI
CUST_0951,19.17917,77.321143,8,Ward 02 - Anand Nagar Commercial
CUST_0952,19.153942,77.302586,2,Ward 04 - Workshop Junction / ITI
CUST_0953,19.117486,77.323932,4,Ward 06 - CIDCO Sector 1-4
CUST_0954,19.149777,77.307222,8,Ward 04 - Workshop Junction / ITI
CUST_0955,19.160053,77.322951,8,Ward 02 - Anand Nagar Commercial
CUST_0956,19.158316,77.307617,4,Ward 03 - Taroda (KH) West
CUST_0957,19.158866,77.322566,7,Ward 04 - Workshop Junction / ITI
CUST_0958,19.145409,77.303917,2,Ward 04 - Workshop Junction / ITI
CUST_0959,19.171099,77.304953,5,Ward 03 - Taroda (KH) West
CUST_0960,19.151824,77.311475,5,Ward 04 - Workshop Junction / ITI
CUST_0961,19.177932,77.306671,7,Ward 01 - Taroda (BK) North
CUST_0962,19.136858,77.313447,4,Ward 05 - Station Road / Old Nanded
CUST_0963,19.148012,77.301788,5,Ward 04 - Workshop Junction / ITI
CUST_0964,19.177868,77.307317,7,Ward 01 - Taroda (BK) North
CUST_0965,19.157765,77.297453,6,Ward 04 - Workshop Junction / ITI
CUST_0966,19.15677,77.277855,4,Ward 03 - Taroda (KH) West
CUST_0967,19.18375,77.309022,5,Ward 01 - Taroda (BK) North
CUST_0968,19.164767,77.300478,6,Ward 01 - Taroda (BK) North
CUST_0969,19.162715,77.298271,7,Ward 07 - Vasmat Road / Hyderbagh
CUST_0970,19.172196,77.296447,2,Ward 07 - Vasmat Road / Hyderbagh
CUST_0971,19.171533,77.286611,8,Ward 03 - Taroda (KH) West
CUST_0972,19.134351,77.324246,6,Ward 06 - CIDCO Sector 1-4
CUST_0973,19.172353,77.323573,2,Ward 02 - Anand Nagar Commercial
CUST_0974,19.15881,77.310853,3,Ward 06 - CIDCO Sector 1-4
CUST_0975,19.18125,77.272693,5,Ward 07 - Vasmat Road / Hyderbagh
CUST_0976,19.15968,77.295798,7,Ward 04 - Workshop Junction / ITI
CUST_0977,19.16702,77.328125,3,Ward 02 - Anand Nagar Commercial
CUST_0978,19.157613,77.327363,1,Ward 06 - CIDCO Sector 1-4
CUST_0979,19.190766,77.328049,5,Ward 01 - Taroda (BK) North
CUST_0980,19.17785,77.294839,3,Ward 03 - Taroda (KH) West
CUST_0981,19.158312,77.310956,6,Ward 04 - Workshop Junction / ITI
CUST_0982,19.149558,77.305533,1,Ward 05 - Station Road / Old Nanded
CUST_0983,19.139835,77.302564,6,Ward 05 - Station Road / Old Nanded
CUST_0984,19.129603,77.305073,8,Ward 06 - CIDCO Sector 1-4
CUST_0985,19.155913,77.297131,8,Ward 05 - Station Road / Old Nanded
CUST_0986,19.179825,77.300297,8,Ward 03 - Taroda (KH) West
CUST_0987,19.185515,77.327831,8,Ward 02 - Anand Nagar Commercial
CUST_0988,19.156503,77.313767,7,Ward 03 - Taroda (KH) West
CUST_0989,19.152531,77.306493,2,Ward 05 - Station Road / Old Nanded
CUST_0990,19.163856,77.303627,8,Ward 03 - Taroda (KH) West
CUST_0991,19.160881,77.302545,6,Ward 03 - Taroda (KH) West
CUST_0992,19.181998,77.310895,6,Ward 02 - Anand Nagar Commercial
CUST_0993,19.190351,77.317274,1,Ward 02 - Anand Nagar Commercial
CUST_0994,19.153606,77.302534,6,Ward 04 - Workshop Junction / ITI
CUST_0995,19.141241,77.280679,5,Ward 07 - Vasmat Road / Hyderbagh
CUST_0996,19.147811,77.301511,4,Ward 04 - Workshop Junction / ITI
CUST_0997,19.081203,77.326343,7,Ward 06 - CIDCO Sector 1-4
CUST_0998,19.17024,77.29016,8,Ward 03 - Taroda (KH) West
CUST_0999,19.159328,77.301333,4,Ward 03 - Taroda (KH) West
CUST_1000,19.175496,77.303817,3,Ward 01 - Taroda (BK) North
